Detected,Issue,Related to Tensor,Buggy API,Time,Version,CUDA,Category,Impact,Log Rule,Log Message,Category.1,Trigger Mechanism,Within Scope,Need More Inspection,Reason not agree,Unnamed: 16
TitanFuzz,https://github.com/pytorch/pytorch/issues/99265,yes,torch.addcmul,2023-04-16T13:44:32Z,2.0.0,cu118,Logical,TypeError,invalid combination,TypeError: addcmul() received an invalid combination of arguments - got unrecognized keyword arguments: tensor2,API Input Context,Modeling Specific Inputs,All,,,
,https://github.com/pytorch/pytorch/issues/100087,yes,torch.nn.TransformerEncoderLayer,2023-04-26T12:44:11Z,2.0.0,cu117,Logical,Inconsistent results,Inconsistent results,Inconsistent results,Test Case Context,Comparing the Output of Two API Calls,"TitanFuzz, FuzzGPT",,,
,https://github.com/pytorch/pytorch/issues/93249,yes,torch.Tensor.min,2023-01-30T05:04:16Z,2.0.0,cu117,Logical,AssertionError,only supports,AssertionError: float16 user-defined reduction only supports 'sum' and 'any' but got min,API Input Context,Modeling Specific Inputs,All,,,
,https://github.com/pytorch/pytorch/issues/98948,yes,torch.tensor,2023-04-12T16:53:22Z,2.0.0,cu118,Logical,TypeError,len(),TypeError: len() of a 0-d tensor,Test Case Context,Comparing the Output of Two API Calls,"TitanFuzz, FuzzGPT",,,
,https://github.com/pytorch/pytorch/issues/97189,yes,torch.randint,2023-03-20T21:57:52Z,2.0.0,cu117,Logical,RuntimeError,Overflow,RuntimeError: Overflow when unpacking long,API Input Context,Large Input Tensor,All,,,
,https://github.com/pytorch/pytorch/issues/92674,yes,torch.nn.BatchNorm2d,2023-01-20T08:15:59Z,2.0.0,cu117,Logical,RuntimeError,must match,RuntimeError: The size of tensor a (3) must match the size of tensor b (2) at non-singleton dimension 0,Test Case Context,Modeling Multiple API Usage Pattern,"TitanFuzz, FuzzGPT",,,
,https://github.com/pytorch/pytorch/issues/100085,yes,torch.Tensor.norm,2023-04-26T12:40:00Z,2.0.0,cu11,Logical,RuntimeError,Expected out tensor,"RuntimeError: Expected out tensor to have dtype float, but got c10::BFloat16 instead",API Input Context,Modeling Specific Inputs,,,,
,https://github.com/pytorch/pytorch/issues/104697,no,torch.nn.LSTM,2023-07-06T10:23:34Z,2.0.0,cu117,Logical,Inconsistent results,Inconsistent results,Inconsistent results,Test Case Context,Comparing API Output under Different Settings ,,,,
,https://github.com/pytorch/pytorch/issues/93819,yes,torch.nn.functional.log_softmax,2023-02-01T05:27:07Z,2.0.0,cu117,Logical,BackendCompilerFailed,assert,"    assert all(index[i] == 0 for i in reduced_idx)
AssertionError",Test Case Context,Modeling Multiple API Usage Pattern,,,,
,https://github.com/pytorch/pytorch/issues/92740,yes,torch.nn.Conv2d,2023-01-21T03:41:21Z,2.0.0,cu117,Logical,RuntimeError,should be the same,RuntimeError: Input type (torch.FloatTensor) and weight type (Mkldnntorch.FloatTensor) should be the same,Test Case Context,Modeling Complex Tensor Operations and Layer Interactions,,,,
,https://github.com/pytorch/pytorch/issues/92674,yes,torch.nn.Linear,2023-01-20T08:15:59Z,2.0.0,cu117,Logical,RuntimeError,The size of tensor a,RuntimeError: The size of tensor a (3) must match the size of tensor b (2) at non-singleton dimension 0,Test Case Context,Modeling Multiple API Usage Pattern,,,,
,https://github.com/pytorch/pytorch/issues/95262,yes,torch.Tensor.moveaxis,2023-02-22T01:57:02Z,2.0.0,cu117,Logical,Others,is not defined,NameError: name 'buf0' is not defined,Test Case Context,Modeling Multiple API Usage Pattern,,,,
,https://github.com/pytorch/pytorch/issues/98675,yes,torch.Tensor.matmul,2023-04-08T16:29:08Z,2.0.0,cu117,Logical,RuntimeError,Sparse CSR tensors,RuntimeError: Sparse CSR tensors do not have strides,API Input Context,Modeling CSR Tensors,,,,
,https://github.com/pytorch/pytorch/issues/96964,yes,torch.Tensor.matmul,2023-03-16T17:01:27Z,2.0.0,N.A,Logical,Others,Cannot read,rocBLAS error: Cannot read /home/kali/miniconda3/envs/pytorch2/lib/python3.9/site-packages/torch/lib/rocblas/library/TensileLibrary.dat: No such file or directory,API Input Context,Modeling Specific Inputs,,,,
TitanFuzz,https://github.com/pytorch/pytorch/issues/93982,yes,torch.linalg.lstsq,2023-02-02T19:44:24Z,2.0.0,cu117,Logical,RuntimeError,shapes cannot,# RuntimeError: mat1 and mat2 shapes cannot be multiplied (6x3 and 2x3),Test Case Context,Modeling Multiple API Usage Pattern,,,,
,https://github.com/pytorch/pytorch/issues/111247,no,torch.index_select,2023-10-13T21:53:59Z,2.0.0,cu117,Logical,Performance bug,Slow Execution,Slow Execution,Test Case Context,Oracle for Performance Bug Detection,,,,
,https://github.com/pytorch/pytorch/issues/109448,yes,torch.fft.fft,2023-09-17T00:24:34Z,2.0.0,N.A,Logical,Inconsistent results,Inconsistent results,Inconsistent results,Test Case Context,Comparing API Output under Different Settings ,,,,
,https://github.com/pytorch/pytorch/issues/101249,yes,torch.einsum,2023-05-12T02:59:52Z,2.0.0,cu121,Performance bug,Performance bug,Slow Execution,Slow Execution,Test Case Context,Oracle for Performance Bug Detection,,,,
,https://github.com/pytorch/pytorch/issues/98861,yes,torch.cat,2023-04-11T19:00:20Z,2.0.0,cu121,Logical,RuntimeError,Sparse CSR tensors,RuntimeError: Sparse CSR tensors do not have is_contiguous,API Input Context,Modeling Sparse Input Tensor,,,,
TitanFuzz,https://github.com/pytorch/pytorch/issues/92742,yes,torch.Tensor.addmm,2023-01-21T03:55:09Z,2.0.0,cu117,Logical,RuntimeError,The size of tensor a,RuntimeError:  The size of tensor a (64) must match the size of tensor b (32) at non-singleton dimension 0,API Usage Context,Modeling Multiple API Usage Pattern,,,,
,https://github.com/pytorch/pytorch/issues/97128,yes,torch.nn.MultiheadAttention,2023-03-20T06:01:36Z,2.0.0,cu118,Logical,TypeError,must be Tensor,"TypeError: _native_multi_head_attention(): argument 'qkv_bias' (position 7) must be Tensor, not NoneType",Test Case Context,Modeling Complex Tensor Operations and Layer Interactions,,,,
,https://github.com/pytorch/pytorch/issues/105742,yes,torch.unique,2023-07-21T14:35:11Z,2.0.1,N.A,Logical,Inconsistent results,Inconsistent results,Inconsistent results,API Input Context,Modeling Specific Inputs,,,,
,https://github.com/pytorch/pytorch/issues/108882,yes,torch.Tensor.any,2023-09-08T18:02:03Z,2.0.1,cu118,Logical,Inconsistent results,Inconsistent results,Inconsistent results,API Usage Context,Modeling Specific Devices,,,,
,https://github.com/pytorch/pytorch/issues/109445,yes,torch.sparse.mm,2023-09-16T20:47:59Z,2.0.1,cu117,Performance bug,Performance bug,Memory Leak,Memory Leak,Test Case Context,Oracle for Performance Bug Detection,,,,
,https://github.com/pytorch/pytorch/issues/109462,yes,torch.sparse_coo_tensor,2023-09-17T16:45:33Z,2.0.1,N.A,Logical,Inconsistent results,Inconsistent results,Inconsistent results,API Input Context,Modeling Specific Inputs,,,,
,https://github.com/pytorch/pytorch/issues/103949,no,torch.save,2023-06-21T06:25:05Z,2.0.1,cu118,Logical,RuntimeError,Parent directory,RuntimeError: Parent directory C:\Users\ユーザー名\source\ does not exist.,API Input Context,Modeling Specific Inputs,,,,
,https://github.com/pytorch/pytorch/issues/110285,yes,torch.ones,2023-09-29T15:52:26Z,2.0.1,N.A,Logical,TypeError,unsupported ScalarType,TypeError: Got unsupported ScalarType BFloat16,API Input Context,Modeling Specific Inputs,,,,
,https://github.com/pytorch/pytorch/issues/105632,no,torch.nn.TransformerDecoderLayer,2023-07-20T02:41:58Z,2.0.1,cu117,Vulnerability,Others,integer division,ZeroDivisionError: integer division or modulo by zero,API Input Context,Zero Integer Argument,,,,
,https://github.com/pytorch/pytorch/issues/107125,yes,torch.nn.MaxPool2d,2023-08-14T09:18:31Z,2.0.1,N.A,Logical,Inconsistent results,Inconsistent results,Inconsistent results,Test Case Context,Modeling Multiple API Usage Pattern,,,,
,https://github.com/pytorch/pytorch/issues/106665,yes,torch.nn.Linear,2023-08-05T12:53:17Z,2.0.1,cu117,Logical,Inconsistent results,Inconsistent results,Inconsistent results,API Input Context,Zero Integer Argument,,,,
,https://github.com/pytorch/pytorch/issues/105313,yes,torch.nn.LeakyReLU,2023-07-17T08:38:49Z,2.0.1,cu118,Logical,RuntimeError,INTERNAL ASSERT,"RuntimeError: 0 INTERNAL ASSERT FAILED at ""../torch/csrc/jit/ir/alias_analysis.cpp"":615, please report a bug to PyTorch. We don't have an op for aten::leaky_relu but it isn't a special case.  Argument types: Tensor, bool, ",Test Case Context,Modeling Complex Tensor Operations and Layer Interactions,,,,
,https://github.com/pytorch/pytorch/issues/108226,yes,torch.nn.functional.pad,2023-08-30T10:24:22Z,2.0.1,cu117,Logical,TypeError,Expected a value,"aten::pad(Tensor self, SymInt[] pad, str mode=""constant"", float? value=None) -> Tensor: Expected a value of type 'Optional[float]' for argument 'value' but instead found type 'bool'.",API Input Context,Modeling Specific Inputs,,,,
,https://github.com/pytorch/pytorch/issues/108345,yes,torch.nn.functional.cross_entropy,2023-08-31T11:06:47Z,2.0.1,N.A,Logical,AssertionError,Assertion,"../aten/src/ATen/native/cuda/NLLLoss2d.cu:107: nll_loss2d_forward_kernel: block: [188,0,0], thread: [32,0,0] Assertion input_index >= 0failed. ../aten/src/ATen/native/cuda NLLLoss2d.cu:107: nll_loss2d_forward_kernel: ",API Input Context,Modeling Specific Inputs,,,,
,https://github.com/pytorch/pytorch/issues/107680,yes,torch.nn.functional.cross_entropy,2023-08-22T12:04:15Z,2.0.1,CPU,Logical,Inconsistent results,Inconsistent results,Inconsistent results,Test Case Context,Comparing API Output under Different Settings ,,,,
,https://github.com/pytorch/pytorch/issues/104606,yes,torch.nn.functional.conv1d,2023-07-04T19:02:39Z,2.0.1,N.A,Logical,RuntimeError,please report a bug to PyTorch,"RuntimeError: isList() INTERNAL ASSERT FAILED at ""/Users/runner/work/pytorch/pytorch/pytorch/aten/src/ATen/core/ivalue_inl.h"":2034, please report a bug to PyTorch. Expected GenericList but got String",Test Case Context,Modeling Complex Tensor Operations and Layer Interactions,,,,
,https://github.com/pytorch/pytorch/issues/109453,yes,torch.nn.ConvTranspose2d,2023-09-17T06:11:15Z,2.0.1,N.A,Logical,Inconsistent results,Inconsistent results,Inconsistent results,Test Case Context,Modeling Complex Tensor Operations and Layer Interactions,,,,
,https://github.com/pytorch/pytorch/issues/104701,yes,torch.nn.Conv3d,2023-07-06T12:17:30Z,2.0.1,cu117,Performance bug,Performance bug,Memory Leak,Memory Leak,Test Case Context,Oracle for Performance Bug Detection,,,,
,https://github.com/pytorch/pytorch/issues/110387,yes,torch.nn.Conv2d,2023-10-02T13:34:23Z,2.0.1,N.A,Logical,Inconsistent results,Inconsistent results,Inconsistent results,Test Case Context,Modeling Complex Tensor Operations and Layer Interactions,,,,
,https://github.com/pytorch/pytorch/issues/104860,yes,torch.nn.Conv2d,2023-07-10T07:06:15Z,2.0.1,cu117,Logical,RuntimeError,Invalid padding size,"RuntimeError: Invalid padding size, expected 2 but got 4",API Input Context,Modeling Specific Inputs,,,,
,https://github.com/pytorch/pytorch/issues/101529,yes,torch.nn.Conv2d,2023-05-16T07:34:32Z,2.0.1,cu118,Performance bug,Performance bug,Slow Execution,Slow Execution,Test Case Context,Oracle for Performance Bug Detection,,,,
,https://github.com/pytorch/pytorch/issues/108043,yes,torch.nn.ConstantPad2d,2023-08-28T07:45:45Z,2.0.1,cu118,Logical,RuntimeError,Trying to create tensor,RuntimeError: Trying to create tensor with negative dimension -1: [-1],Test Case Context,Modeling Complex Tensor Operations and Layer Interactions,,,,
DeepRel,https://github.com/pytorch/pytorch/issues/105629,yes,torch.nn.ConstantPad2d,2023-07-20T02:38:55Z,2.0.1,cu117,Logical,RuntimeError,must be non-negative,RuntimeError: narrow(): length must be non-negative.,API Input Context,Negative Integer Argument,,,,
DeepRel,https://github.com/pytorch/pytorch/issues/105629,yes,torch.nn.ConstantPad2d,2023-07-20T02:38:55Z,2.0.1,cu117,Logical,RuntimeError,must be non-negative,RuntimeError: narrow(): length must be non-negative.,API Input Context,Zero Integer Argument,,,,
,https://github.com/pytorch/pytorch/issues/108521,yes,torch.Tensor.mm,2023-09-04T15:54:12Z,2.0.1,cu117,Logical,Inconsistent results,Inconsistent results,Inconsistent results,Test Case Context,Modeling Multiple API Usage Pattern,,,,
,https://github.com/pytorch/pytorch/issues/111457,yes,torch.matmul,2023-10-18T05:12:55Z,2.0.1,cu117,Logical,Inconsistent results,Inconsistent results,Inconsistent results,API Input Context,Supporting Specific Data Types,,,,
,https://github.com/pytorch/pytorch/issues/105726,yes,torch.matmul,2023-07-21T06:56:04Z,2.0.1,N.A,Logical,Inconsistent results,Inconsistent results,Inconsistent results,API Input Context,Supporting Specific Data Types,,,,
,https://github.com/pytorch/pytorch/issues/104867,yes,torch.fft.irfftn,2023-07-10T12:19:05Z,2.0.1,cu117,Logical,Inconsistent results,Inconsistent results,Inconsistent results,Test Case Context,Comparing API Output under Different Settings ,,,,
,https://github.com/pytorch/pytorch/issues/108496,yes,torch.Tensor.cummax,2023-09-03T17:42:17Z,2.0.1,cu117,Performance bug,Performance bug,Slow Execution,Slow Execution,API Usage Context,Oracle for Performance Bug Detection,,,,
,https://github.com/pytorch/pytorch/issues/113755,yes,torch.nn.Upsample,2023-11-15T12:35:57Z,2.1.0,,Logical,Others,Failed to export the model,"torch.onnx.OnnxExporterError: Failed to export the model to ONNX. Generating SARIF report at 'report_dynamo_export.sarif'. SARIF is a standard format for the output of static analysis tools. SARIF logs can be loaded in VS Code SARIF viewer extension, or SARIF web viewer (https://microsoft.github.io/sarif-web-component/). Please report a bug on PyTorch Github: https://github.com/pytorch/pytorch/issues",Test Case Context,Modeling Complex Tensor Operations and Layer Interactions,,,,
,https://github.com/pytorch/pytorch/issues/97532,yes,torch.nn.TransformerEncoderLayer,2023-03-24T14:47:03Z,2.1.0,cu118,Logical,Others,Converting mask without,UserWarning,Test Case Context,Modeling Complex Tensor Operations and Layer Interactions,,,,
,https://github.com/pytorch/pytorch/issues/111509,yes,torch.Tensor.sum,2023-10-18T21:16:16Z,2.1.0,N.A,Logical,RuntimeError,operands have incompatible,"RuntimeError: sparse_mask(): operands have incompatible sizes; self has size [2449029, 1] but mask has size [2449029, 2449029]",Test Case Context,Supporting External Library,,,,
,https://github.com/pytorch/pytorch/issues/110780,yes,torch.Tensor.set_,2023-10-07T03:30:06Z,2.1.0,N.A,Logical,Inconsistent results,Inconsistent results,Inconsistent results,Test Case Context,Modeling Multiple API Usage Pattern,,,,
,https://github.com/pytorch/pytorch/issues/107591,yes,torch.Tensor.repeat_interleave,2023-08-21T14:03:25Z,2.1.0,cu118,Logical,RuntimeError,Expected all tensors to be on the same device,"RuntimeError: Expected all tensors to be on the same device, but found at least two devices, cuda:0 and cpu! (when checking argument for argument index in method wrapper_CUDA__index_select)",API Usage Context,Modeling Specific Devices,,,,
,https://github.com/pytorch/pytorch/issues/98422,yes,torch.Tensor.flip,2023-04-05T16:34:29Z,2.1.0,cu118,Logical,Inconsistent results,Inconsistent results,Inconsistent results,API Usage Context,Modeling Specific Inputs,,,,
,https://github.com/pytorch/pytorch/issues/111925,yes,torch.logical_and,2023-10-24T15:37:51Z,2.1.0,,Logical,Others,An output with one or more elements,"UserWarning: An output with one or more elements was resized since it had shape [2, 128], which does not match the required output shape [4, 2, 128]. This behavior is deprecated, and in a future PyTorch release outputs will not be resized unless they have zero elements. You can explicitly reuse an out tensor t by resizing it, inplace, to zero elements with t.resize_(0). (Triggered internally at /opt/conda/conda-bld/pytorch_1695392022560/work/aten/src/ATen/native/Resize.cpp:28.)
  torch.logical_and(b, a)",API Usage Context,Modeling Specific Inputs,,,,
,https://github.com/pytorch/pytorch/issues/109108,yes,torch.sparse_coo_tensor,2023-09-12T13:27:01Z,2.1.0,CPU,Logical,TypeError,only integer tensors of a single element,# TypeError: only integer tensors of a single element can be converted to an index,API Input Context,Modeling Specific Inputs,,,,
,https://github.com/pytorch/pytorch/issues/105822,yes,torch.Tensor.scatter,2023-07-24T03:52:52Z,2.1.0,N.A,Logical,Inconsistent results,Inconsistent results,Inconsistent results,Test Case Context,Modeling Multiple API Usage Pattern,,,,
,https://github.com/pytorch/pytorch/issues/107087,yes,torch.randn,2023-08-12T16:21:00Z,2.1.0,N.A,Logical,RuntimeError,not implemented for,"RuntimeError: ""add_stub"" not implemented for 'Float8_e5m2'",API Input Context,Supporting Specific Data Types,,,,
,https://github.com/pytorch/pytorch/issues/108407,yes,torch.einsum,2023-09-01T09:19:57Z,2.1.0,,Logical,Inconsistent results,Inconsistent results,Inconsistent results,API Usage Context,Modeling Specific Devices,,,,
,https://github.com/pytorch/pytorch/issues/106011,yes,torch.nn.MultiLabelMarginLoss,2023-07-26T05:38:37Z,2.1.0,,Logical,RuntimeError,Expected non-empty vector or matrix with,"RuntimeError: Expected non-empty vector or matrix with optional 0-dim batch size, but got: [20, 9, 20]",API Usage Context,Modeling Specific Devices,,,,
,https://github.com/pytorch/pytorch/issues/101039,yes,torch.nn.Softmax,2023-05-10T01:24:10Z,2.1.0,cu118,Logical,Inconsistent results,Inconsistent results,Inconsistent results,Test Case Context,Modeling Complex Tensor Operations and Layer Interactions,,,,
,https://github.com/pytorch/pytorch/issues/105901,yes,torch.nn.MaxPool2d,2023-07-25T06:57:17Z,2.1.0,N.A,Logical,Inconsistent results,Inconsistent results,Inconsistent results,Test Case Context,Modeling Complex Tensor Operations and Layer Interactions,,,,
,https://github.com/pytorch/pytorch/issues/97807,yes,torch.nn.functional.pad,2023-03-28T17:52:04Z,2.1.0,cu116,Logical,ValueError,Mask argument cannot be block type,ValueError('Mask argument cannot be block type if pointer argument is not a block'),Test Case Context,Modeling Complex Tensor Operations and Layer Interactions,,,,
,https://github.com/pytorch/pytorch/issues/100055,yes,torch.nn.functional.linear,2023-04-26T02:17:10Z,2.1.0,N.A,Logical,BackendCompilerFailed,is not tracked with proxy for,RuntimeError: s0 is not tracked with proxy for <torch.fx.experimental.proxy_tensor.PythonKeyTracer object at 0x7f25897eed7,Test Case Context,Modeling Decorators for DL Execution Mode,,,,
,https://github.com/pytorch/pytorch/issues/111484,yes,torch.nn.CrossEntropyLoss,2023-10-18T16:54:10Z,2.1.0,cu121,Logical,Inconsistent results,Inconsistent results,Inconsistent results,API Input Context,Large Input Tensor,,,,
,https://github.com/pytorch/pytorch/issues/110885,yes,torch.nn.Conv3d,2023-10-09T19:29:22Z,2.1.0,cu121,Performance bug,Performance bug,Slow Execution,Slow Execution,API Usage Context,Modeling Multiple API Usage Pattern,,,,
,https://github.com/pytorch/pytorch/issues/103852,yes,torch.nn.Conv2d,2023-06-19T15:26:56Z,2.1.0,cu121,Vulnerability,Segmentation fault,Segmentation fault,Segmentation fault (core dumped),Test Case Context,Modeling Specific Code Pattern,,,,
,https://github.com/pytorch/pytorch/issues/101356,yes,torch.nn.Conv2d,2023-05-14T08:31:07Z,2.1.0,N.A,Logical,AssertionError,expected size,"AssertionError: expected size 3==3, stride 98==784 at dim=0",Test Case Context,Modeling Decorators for DL Execution Mode,,,,
,https://github.com/pytorch/pytorch/issues/109552,yes,torch.nn.Conv1d,2023-09-18T22:49:15Z,2.1.0,N.A,Logical,RuntimeError,Failed running,"torch._dynamo.exc.TorchRuntimeError: Failed running call_module L__self___conv(*(FakeTensor(..., size=(1, 6, 3)),), **{}): Trying to create tensor with negative dimension -2: [1, 6, -2]",Test Case Context,Modeling Complex Tensor Operations and Layer Interactions,,,,
,https://github.com/pytorch/pytorch/issues/104823,yes,torch.nn.AdaptiveAvgPool3d,2023-07-08T09:00:01Z,2.1.0,cu118,Logical,RuntimeError,Input dimension should be at least,"With output_size = [1,2,3,4], the error is: ""ValueError: Input dimension should be at least 5"".
With output_size = [1,2,3,4,5], the error is: ""ValueError: Input dimension should be at least 6"".
With output_size = [1,2,3,4,5,6], the error is: ""ValueError: Input dimension should be at least 7"".
Additionally, when the output_size is less than 3, the error message raised is: ""RuntimeError: adaptive_avg_pool3d: output_size must be 3"". this error message should be raised too when the output_size is bigger than 3?",API Input Context,Modeling Specific Inputs,,,,
,https://github.com/pytorch/pytorch/issues/104698,yes,torch.nn.AdaptiveAvgPool2d,2023-07-06T10:31:43Z,2.1.0,cu118,Logical,RuntimeError,should be at least,Input dimension should be at least 5,API Input Context,Modeling Specific Inputs,,,,
,https://github.com/pytorch/pytorch/issues/98122,yes,torch.Tensor.movedim,2023-04-01T04:36:37Z,2.1.0,cu117,Logical,RuntimeError,out of bounds for,"RuntimeError: setStorage: sizes [2, 2, 6, 3, 2], strides [72, 36, 6, 2, 1], storage offset 0, and itemsize 4 requiring a storage size of 576 are out of bounds for storage of size 288",Test Case Context,Modeling Multiple API Usage Pattern,,,,
,https://github.com/pytorch/pytorch/issues/109497,yes,torch.lobpcg,2023-09-18T13:41:02Z,2.1.0,N.A,Logical,Inconsistent results,Inconsistent results,Inconsistent results,API Input Context,Modeling Specific Inputs,,,,
,https://github.com/pytorch/pytorch/issues/111029,yes,torch.linalg.matrix_norm,2023-10-11T13:13:54Z,2.1.0,cu121,Logical,Others,Expected a value,"Expected a value of type 'str' for argument 'ord' but instead found type 'Union[int, str]'",Test Case Context,Modeling Multiple API Usage Pattern,,,,
,https://github.com/pytorch/pytorch/issues/97333,yes,torch.Tensor.fmod,2023-03-22T09:58:49Z,2.1.0,cu117,Logical,Inconsistent results,Inconsistent results,Inconsistent results,API Usage Context,Modeling Multiple API Usage Pattern,,,,
,https://github.com/pytorch/pytorch/issues/101950,no,torch.Tensor.flip,2023-05-21T12:55:42Z,2.1.0,N.A,Logical,Inconsistent results,Inconsistent results,Inconsistent results,API Usage Context,Modeling Complex Tensor Operations and Layer Interactions,,,,
,https://github.com/pytorch/pytorch/issues/111251,yes,torch.Tensor.equal,2023-10-13T22:10:35Z,2.1.0,cu118,Logical,Others,Crash,Crash,API Input Context,NaN input tensor,,,,
,https://github.com/pytorch/pytorch/issues/90695,yes,torch.empty,2022-12-12T14:43:26Z,2.1.0,CPU,Logical,Inconsistent results,Inconsistent results,Inconsistent results,API Input Context,Modeling Specific Inputs,,1,trigger: output of torch.empty seems wrong with sparse arguments layout=sparse_csr|sparse_csc,
,https://github.com/pytorch/pytorch/issues/108676,yes,torch.nn.functional.conv_transpose2d,2023-09-06T17:45:45Z,2.0.0,,Logical,RuntimeError,could not construct a memory,RuntimeError: could not construct a memory descriptor using a format tag,API Usage Context,Modeling Specific Devices,,,,
,https://github.com/pytorch/pytorch/issues/108642,yes,torch.Tensor.topk,2023-09-06T09:45:04Z,2.0.1,,Logical,Inconsistent results,Inconsistent results,Inconsistent results,API Input Context,Modeling Specific Inputs,,,,
,https://github.com/pytorch/pytorch/issues/104020,yes,torch.nn.functional.linear,2023-06-22T04:44:24Z,2.1.0,cu118,Logical,AssertionError,The values for attribute,"AssertionError: The values for attribute 'shape' do not match: torch.Size([1, 1, 2]) != torch.Size([1, 2, 2]).",Test Case Context,Modeling Complex Tensor Operations and Layer Interactions,,,,
,https://github.com/pytorch/pytorch/issues/100343,yes,torch.sum,2023-04-30T18:44:23Z,2.1.0,cu118,Logical,IndexError,out of bounds for,IndexError: index 3 is out of bounds for dimension 0 with size 2,Test Case Context,Modeling Complex Tensor Operations and Layer Interactions,,,,
TitanFuzz,https://github.com/pytorch/pytorch/issues/98970,yes,torch.nn.functional.dropout,2023-04-12T20:45:41Z,2.1.0,cu118,Logical,RuntimeError,result type Float can't be,RuntimeError: result type Float can't be cast to the desired output type Long,Test Case Context,Modeling Complex Tensor Operations and Layer Interactions,,,,
,https://github.com/pytorch/pytorch/issues/96789,yes,torch.Tensor.cumprod,2023-03-15T00:30:22Z,2.0.0,,Logical,RuntimeError,INTERNAL ASSERT FAILED,RuntimeError: t == DeviceType::CUDA INTERNAL ASSERT FAILED ,API Input Context,Modeling Specific Devices,,,,
,https://github.com/pytorch/pytorch/issues/96769,yes,torch.sparse.mm,2023-03-14T20:15:43Z,2.0.0,,Logical,RuntimeError,INTERNAL ASSERT FAILED, RuntimeError: mat2_.is_sparse() INTERNAL ASSERT FAILED at ,Test Case Context,Modeling Multiple API Usage Pattern,,,,
,https://github.com/pytorch/pytorch/issues/133093,yes,torch.nn.Conv2d,2024-08-09T14:37:43Z,2.0.1,,Logical,Inconsistent results,Inconsistent results,Inconsistent results,API Input Context,Modeling Specific Devices,,,,
,https://github.com/pytorch/pytorch/issues/132240,yes,torch.nn.functional.interpolate,2024-07-31T14:56:35Z,2.1.0,,Logical,Others,Arguments for call are not valid,JIT SCRIPT ERROR: Arguments for call are not valid. The following variants are available:,Test Case Context,Modeling Multiple API Usage Pattern,,,,
,https://github.com/pytorch/pytorch/issues/131272,yes,torch.nn.AvgPool2d,2024-07-20T02:42:02Z,2.0.0,,Logical,Inconsistent results,Inconsistent results,Inconsistent results,Test Case Context,Modeling Complex Tensor Operations and Layer Interactions,,,,
,https://github.com/pytorch/pytorch/issues/130108,yes,torch.nn.GroupNorm,2024-07-04T08:44:11Z,2.0.1,,Logical,IndexError,list index out of range,IndexError: list index out of range,Test Case Context,Modeling Complex Tensor Operations and Layer Interactions,,,,
,https://github.com/pytorch/pytorch/issues/129649,yes,torch.nn.functional.conv3d,2024-06-27T10:44:18Z,2.0.1,,Logical,Inconsistent results,Inconsistent results,Inconsistent results,API Input Context,Modeling Specific Devices,,,,
,https://github.com/pytorch/pytorch/issues/128501,yes,torch.nn.InstanceNorm1d,2024-06-12T10:56:18Z,2.0.0,,Logical,ValueError,ONNX export of,"SymbolicValueError: Unsupported: ONNX export of instance_norm training for unknown batch size.  [Caused by the value 'input defined in (%input : Float(*, 3, 11, strides=[33, 11, 1], requires_grad=0, device=cpu), %running_mean : Float(3, strides=[1], requires_grad=0, device=cpu), %running_var : Float(3, strides=[1], requires_grad=0, device=cpu), %num_batches_tracked : Long(requires_grad=0, device=cpu) = prim::Param()",Test Case Context,Modeling Multiple API Usage Pattern,,,,
,https://github.com/pytorch/pytorch/issues/128494,yes,torch.meshgrid,2024-06-12T08:22:26Z,2.0.0,,Logical,TypeError,object is not subscriptable,TypeError: 'torch._C.Value' object is not subscriptable ,Test Case Context,Modeling Multiple API Usage Pattern,,,,
,https://github.com/pytorch/pytorch/issues/127223,yes,torch.linalg.lstsq,2024-05-27T11:06:08Z,2.1.0,,Logical,Inconsistent results,Inconsistent results,Inconsistent results,API Input Context,Modeling Specific Devices,,,,
,https://github.com/pytorch/pytorch/issues/120597,yes,torch.Tensor.fmod,2024-02-26T05:41:30Z,2.1.0,,Vulnerability,Floating point exception,Floating point exception,Floating point exception (core dumped),API Input Context,Large Input Tensor,,,,
,https://github.com/pytorch/pytorch/issues/119360,yes,torch.fft.irfft,2024-02-07T07:18:45Z,2.1.0,,Logical,Inconsistent results,Inconsistent results,Inconsistent results,Test Case Context,Modeling Complex Tensor Operations and Layer Interactions,,,,
,https://github.com/pytorch/pytorch/issues/118303,yes,torch.Tensor.log10,2024-01-25T17:13:39Z,2.0.1,,Logical,Inconsistent results,Inconsistent results,Inconsistent results,Test Case Context,Modeling Complex Tensor Operations and Layer Interactions,,,,
,https://github.com/pytorch/pytorch/issues/118303,yes,torch.nn.functional.mish,2024-01-25T17:13:39Z,2.0.1,,Logical,Inconsistent results,Inconsistent results,Inconsistent results,Test Case Context,Modeling Complex Tensor Operations and Layer Interactions,,,,
,https://github.com/pytorch/pytorch/issues/118165,yes,torch.nn.MultiheadAttention,2024-01-24T02:51:36Z,2.1.0,,Logical,Inconsistent results,Inconsistent results,Inconsistent results,Test Case Context,Modeling Complex Tensor Operations and Layer Interactions,,,,
,https://github.com/pytorch/pytorch/issues/116175,yes,torch.nn.TransformerEncoderLayer,2023-12-20T07:04:00Z,2.0.0,,Performance bug,Performance bug,Slow Execution,Slow Execution,Test Case Context,Oracle for Performance Bug Detection,,,,
,https://github.com/pytorch/pytorch/issues/115416,yes,torch.nn.functional.embedding,2023-12-08T12:22:02Z,2.1.0,,Vulnerability,Segmentation fault,Segmentation fault,Segmentation fault (core dumped),API Input Context,Large Input Tensor,,,,
,https://github.com/pytorch/pytorch/issues/114943,yes,torch.einsum,2023-12-01T10:24:55Z,2.1.0,,Performance bug,Performance bug,Tried to allocate,OutOfMemoryError,API Input Context,Modeling Specific Inputs,,,,
,https://github.com/pytorch/pytorch/issues/114672,yes,torch.fft.ifft,2023-11-28T07:52:42Z,2.1.0,,Logical,RuntimeError,Invalid number of data points,RuntimeError: Invalid number of data points (0) specified,API Input Context,Empty Input Tensor,,,,
,https://github.com/pytorch/pytorch/issues/114650,no,torch.Tensor.conj,2023-11-28T00:35:47Z,2.1.0,,Logical,RuntimeError,INTERNAL ASSERT FAILED,"RuntimeError: !this_view_meta->has_fw_view() INTERNAL ASSERT FAILED at ""../torch/csrc/autograd/autograd_meta.cpp"":256, please report a bug to PyTorch. Expected the output of forward differentiable view operations to have the tangent have the same layout as primal",API Input Context,Modeling Specific Inputs,,,,
,https://github.com/pytorch/pytorch/issues/114090,yes,torch.nn.Conv2d,2023-11-20T02:26:16Z,2.0.1,,Logical,RuntimeError,NestedTensorImpl doesn't support sizes,RuntimeError: Internal error: NestedTensorImpl doesn't support sizes. Please file an issue on https://github.com/pytorch/nestedtensor,API Input Context,Modeling Specific Inputs,,,,
,https://github.com/pytorch/pytorch/issues/110356,yes,torch.nn.Dropout,2023-10-01T13:37:59Z,2.0.1,,Logical,Inconsistent results,Inconsistent results,Inconsistent results,API Input Context,Modeling Specific Inputs,,,,
,https://github.com/pytorch/pytorch/issues/110356,yes,torch.nn.functional.dropout,2023-10-01T13:37:59Z,2.0.1,,Logical,Inconsistent results,Inconsistent results,Inconsistent results,API Input Context,Modeling Specific Inputs,,,,
,https://github.com/pytorch/pytorch/issues/108496,yes,torch.Tensor.cummax,2023-09-03T17:42:17Z,2.0.1,,Performance bug,Performance bug,Slow Execution,Slow Execution,API Input Context,Modeling Specific Inputs,,,,
,https://github.com/pytorch/pytorch/issues/108152,no,torch.Tensor.uniform_,2023-08-29T14:43:21Z,2.0.1,,Logical,Others,Breaks,Breaks,API Input Context,Modeling Specific Inputs,,,,
,https://github.com/pytorch/pytorch/issues/107514,yes,torch.nn.Conv2d,2023-08-19T15:01:32Z,2.0.1,,Logical,Inconsistent results,Inconsistent results,Inconsistent results,API Input Context,Modeling Specific Inputs,,,,
,https://github.com/pytorch/pytorch/issues/106251,yes,torch.nn.MultiMarginLoss,2023-07-29T06:31:31Z,2.1.0,,Logical,Inconsistent results,Inconsistent results,Inconsistent results,API Input Context,Modeling Specific Inputs,,,,
,https://github.com/pytorch/pytorch/issues/104867,yes,torch.fft.rfftn,2023-07-10T12:19:05Z,2.0.1,,Logical,Inconsistent results,Inconsistent results,Inconsistent results,API Input Context,Modeling Specific Inputs,,,,
,https://github.com/pytorch/pytorch/issues/103161,yes,torch.nn.LSTM,2023-06-07T17:18:19Z,2.0.0,,Logical,RuntimeError,Cannot access data pointer,RuntimeError: Cannot access data pointer of Tensor that doesn't have storage,Test Case Context,Modeling Complex Tensor Operations and Layer Interactions,,,,
,https://github.com/pytorch/pytorch/issues/102948,yes,torch.Tensor.cumprod,2023-06-05T03:16:15Z,2.0.1,,Logical,Unsupported Error,Exporting the operator,torch.onnx.errors.UnsupportedOperatorError: Exporting the operator 'aten::cumprod' to ONNX opset version 14 is not supported.,Test Case Context,Modeling Multiple API Usage Pattern,,,,
,https://github.com/pytorch/pytorch/issues/102085,yes,torch.nn.BatchNorm2d,2023-05-23T13:50:21Z,2.0.0,,Logical,Others,symbolically traced variables,TraceError: symbolically traced variables cannot be used as inputs to control flow,Test Case Context,Modeling Multiple API Usage Pattern,,,,
,https://github.com/pytorch/pytorch/issues/99149,yes,torch.nn.Conv2d,2023-04-14T13:59:29Z,2.0.0,,Logical,Inconsistent results,Inconsistent results,Inconsistent results,Test Case Context,Modeling Complex Tensor Operations and Layer Interactions,,,,
,https://github.com/pytorch/pytorch/issues/99149,yes,torch.nn.Conv1d,2023-04-14T13:59:29Z,2.0.0,,Logical,Inconsistent results,Inconsistent results,Inconsistent results,Test Case Context,Modeling Complex Tensor Operations and Layer Interactions,,,,
,https://github.com/pytorch/pytorch/issues/99149,yes,torch.nn.Conv3d,2023-04-14T13:59:29Z,2.0.0,,Logical,Inconsistent results,Inconsistent results,Inconsistent results,Test Case Context,Modeling Complex Tensor Operations and Layer Interactions,,,,
,https://github.com/pytorch/pytorch/issues/98939,no,torch.Tensor.dist,2023-04-12T15:19:18Z,2.0.0,,Logical,Inconsistent results,Inconsistent results,Inconsistent results,API Input Context,Negative Integer Argument,,,,
,https://github.com/pytorch/pytorch/issues/97913,no,torch.stack,2023-03-29T21:40:31Z,2.0.0,,Logical,ValueError,Cannot determine scalar type,"torch.onnx.errors.SymbolicValueError: Cannot determine scalar type for this '<class 'torch.TensorType'>' instance and a default value was not provided.  [Caused by the value '21 defined in (%21 : Tensor = onnx::Sub(%input, %20), scope: __main__.Example::/torch.nn.modules.normalization.LayerNorm::layer_norm",Test Case Context,Modeling Multiple API Usage Pattern,,,,
,https://github.com/pytorch/pytorch/issues/97623,yes,torch.nn.GroupNorm,2023-03-26T08:17:50Z,2.0.0,,Logical,TypeError,unsupported operand,TypeError: unsupported operand type(s) for divmod(): 'SymInt' and 'int',Test Case Context,Modeling Multiple API Usage Pattern,,,,
,https://github.com/pytorch/pytorch/issues/97086,yes,torch.Tensor.index_select,2023-03-18T10:53:40Z,2.1.0,,Vulnerability,Floating point exception,Floating point exception,Floating point exception (core dumped),API Input Context,Empty Input Tensor,,,,
,https://github.com/pytorch/pytorch/issues/96789,yes,torch.Tensor.cumprod,2023-03-15T00:30:22Z,2.0.0,,Logical,RuntimeError,INTERNAL ASSERT FAILED,RuntimeError: t == DeviceType::CUDA INTERNAL ASSERT FAILED,API Input Context,Modeling Specific Devices,,,,
,https://github.com/pytorch/pytorch/issues/96275,yes,torch.Tensor.pinverse,2023-03-08T05:59:47Z,2.1.0,,Vulnerability,Segmentation fault,Segmentation fault,Segmentation fault (core dumped),API Input Context,Large Input Tensor,,,,
,https://github.com/pytorch/pytorch/issues/94704,yes,torch.where,2023-02-12T16:32:30Z,2.0.0,,Logical,RuntimeError,INTERNAL ASSERT FAILED,RuntimeError: !needs_dynamic_casting<func_t>::check(iter) INTERNAL ASSERT FAILED ,API Input Context,Modeling Specific Inputs,,,,
,https://github.com/pytorch/pytorch/issues/94669,yes,torch.Tensor.svd,2023-02-11T08:51:26Z,2.0.0,,Vulnerability,Segmentation fault,Segmentation fault,Segmentation fault (core dumped),API Input Context,Large Input Tensor,,,,
,https://github.com/pytorch/pytorch/issues/94208,yes,torch.zeros_like,2023-02-06T19:30:11Z,2.0.0,,Logical,RuntimeError,output with shape,"RuntimeError: output with shape [1, 3, 3] doesn't match the broadcast shape [9, 3, 3]",API Input Context,Modeling Specific Inputs,,,,
,https://github.com/pytorch/pytorch/issues/94115,yes,torch.cat,2023-02-04T01:58:14Z,2.0.0,,Logical,RuntimeError,Tensors must have same number of dimensions,RuntimeError: Tensors must have same number of dimensions: got 5 and 2,API Input Context,Empty Input Tensor,,,,
,https://github.com/pytorch/pytorch/issues/94111,yes,torch.svd,2023-02-04T01:32:54Z,2.0.0,,Logical,RuntimeError,INTERNAL ASSERT FAILED,"RuntimeError: !this_view_meta->has_fw_view() INTERNAL ASSERT FAILED at ""/opt/conda/conda-bld/pytorch_1672906354936/work/torch/csrc/autograd/autograd_meta.cpp"":256, please report a bug to PyTorch.  Expected the output of forward differentiable view operations to have the tangent have the same layout as primal",API Input Context,Modeling Specific Inputs,,,,
,https://github.com/pytorch/pytorch/issues/94085,yes,torch.Tensor.unfold,2023-02-03T22:57:22Z,2.0.0,,Logical,IndexError,Dimension out of range,"IndexError: Dimension out of range (expected to be in range of [-1, 0], but got 1)",API Input Context,Modeling Specific Inputs,,,,
,https://github.com/pytorch/pytorch/issues/92594,yes,torch.Tensor.addcmul_,2023-01-18T23:25:40Z,2.0.0,,Logical,RuntimeError,INTERNAL ASSERT FAILED,"RuntimeError: !needs_dynamic_casting<func_t>::check(iter) INTERNAL ASSERT FAILED at ""/opt/conda/conda-bld/pytorch_1672906354936/work/aten/src/ATen/native/cpu/Loops.h"":347, please report a bug to PyTorch. ",API Input Context,Supporting Specific Data Types,,,,
,https://github.com/pytorch/pytorch/issues/92594,yes,torch.Tensor.addcmul_,2023-01-18T23:25:40Z,2.0.0,,Logical,Others,Jacobian mismatch for output,"GradcheckError: Jacobian mismatch for output 0 with respect to input 0,",API Input Context,Supporting Specific Data Types,,,,
,https://github.com/pytorch/pytorch/issues/112714,yes,torch.nn.functional.log_softmax,2023-11-02T09:43:06Z,2.0.1,,Logical,Inconsistent results,Inconsistent results,Inconsistent results,API Input Context,Modeling Specific Devices,,,,
,https://github.com/pytorch/pytorch/commit/5570a0da0af369768083875a354b70cd72f0ff07,yes,torch.Tensor.mul,2024,2.1.0,,Logical,RuntimeError,Expected a value of type,Torch.compile Error: RuntimeError: aten::_conj() Expected a value of type 'Tensor' for argument 'self' but instead found type 'complex'.,Test Case Context,Modeling Complex Tensor Operations and Layer Interactions,,,,
,https://github.com/pytorch/pytorch/commit/f422027fceb71b1f2f7d940f3ade32ced2ed0ba0,yes,torch.linalg.lstsq,2024,2.1.0,,Logical,RuntimeError,INTERNAL ASSERT FAILED,"RuntimeError: input.size(-2) == other_2d.size(-2) INTERNAL ASSERT FAILED at ""/home/yonghyeon/pytorch/pytorch-asan/aten/src/ATen/native/BatchLinearAlgebra.cpp"":3364, please report a bug to PyTorch.",API Input Context,Supporting Specific Data Types,,,,
,https://github.com/pytorch/pytorch/commit/7dfd2949d74ab3a523a0abc6270cc426cdcf4a00,yes,torch.tensor,2024,2.1.0,,Logical,RuntimeError,INTERNAL ASSERT FAILED,"RuntimeError: false INTERNAL ASSERT FAILED at ""/ansible/pytorch/torch/csrc/lazy/core/hash.h"":139, please report a bug to PyTorch. Unsupported scalar type:UInt16",API Input Context,Modeling Specific Devices,,,,
,https://github.com/pytorch/pytorch/commit/5677128cb892d17fe2281beae9e394fd6f89e455,yes,torch.nn.functional.binary_cross_entropy,2024,2.0.0,,Vulnerability,Others,Fatal Python error: Aborted,LLVM ERROR: Failed to infer result type(s). Fatal Python error: Aborted,API Input Context,Modeling Specific Devices,,,,
,https://github.com/pytorch/pytorch/commit/1866ee6735adb53b8c8fcc46186d74209e8d5496,yes,torch.Tensor.where,2024,2.1.0,,Logical,RuntimeError,INTERNAL ASSERT FAILED,"RuntimeError: !needs_dynamic_casting<func_t>::check(iter) INTERNAL ASSERT FAILED at ""../aten/src/ATen/native/cpu/Loops.h"":310, please report a bug to PyTorch.",API Input Context,Modeling Specific Inputs,,,,
,https://github.com/pytorch/pytorch/commit/6793b9910787c388c156e0dcf630e781af7a17f5,yes,torch.Tensor.all,2024,2.1.0,,Vulnerability,Segmentation fault,stack-overflow on address,1061683==ERROR: AddressSanitizer: stack-overflow on address 0x7ffff14a5d30 (pc 0x7fe8968c37a4 bp 0x7ffff14a6570 sp 0x7ffff14a5d30 T0,API Input Context,Modeling Specific Inputs,,,,
,https://github.com/pytorch/pytorch/commit/6793b9910787c388c156e0dcf630e781af7a17f5,yes,torch.Tensor.any,2024,2.1.0,,Vulnerability,Segmentation fault,stack-overflow on address,1061683==ERROR: AddressSanitizer: stack-overflow on address 0x7ffff14a5d30 (pc 0x7fe8968c37a4 bp 0x7ffff14a6570 sp 0x7ffff14a5d30 T0,API Input Context,Modeling Specific Inputs,,,,
,https://github.com/pytorch/pytorch/commit/4123cca859037b6ac86f83cdb0b6030eac345c6f,yes,torch.nn.Linear,2023,2.1.0,,Logical,RuntimeError,failed to parse the list of possible processors,Error in cpuinfo: failed to parse the list of possible processors in /sys/devices/system/cpu/possible,API Input Context,Modeling Specific Inputs,,,,
,https://github.com/pytorch/pytorch/commit/74dfdc567bd90301e1db0550683c184075bdb4e8,yes,torch.Tensor.erfinv,2023,2.0.0,,Logical,Others,Others,Others,API Input Context,Modeling Specific Inputs,,,,
TitanFuzz,https://github.com/pytorch/pytorch/commit/1becd2c314f45bded8d3fbec91d785e7190b4afe,yes,torch.nn.CTCLoss,2023,2.0.0,,Logical,RuntimeError,Expected tensor to have,"RuntimeError: Expected tensor to have CPU Backend, but got tensor with CUDA Backend (while checking arguments for cudnn_ctc_loss)",API Input Context,Modeling Specific Inputs,,,,
,https://github.com/pytorch/pytorch/commit/85aa3723749e0d06aa5fd34215b9b93529a60995,yes,torch.nn.functional.conv2d,2023,2.0.0,,Logical,BackendCompilerFailed,raised,torch._dynamo.exc.BackendCompilerFailed: backend='inductor' raised: LoweringException: AssertionError:,API Input Context,Modeling Specific Inputs,,,,
,https://github.com/pytorch/pytorch/commit/c77a4a409654dbc0ac4a528c37873b0acb1be32d,yes,torch.Tensor.add,2023,2.0.0,,Logical,RuntimeError,Failed running,"TorchRuntimeError: Failed running call_function <built-in method add of type object at 0x7cda83f9a360>(*(FakeTensor(..., size=(4, 5), dtype=torch.int32), 7), **{'alpha': 3}): Tensor with dtype torch.int64 is not the expected dtype of torch.int32!",API Input Context,Modeling Specific Devices,,,,
,https://github.com/pytorch/pytorch/commit/78f3937ee84e71475942598f4b51dce7c8a70783,no,torch.set_num_threads,2023,2.0.0,,Logical,RuntimeError,Overflow when unpacking long,RuntimeError: Overflow when unpacking long,API Input Context,Large Integer Argument,,,,
,https://github.com/pytorch/pytorch/commit/03da0694b7f414f8124d6a1e377e1a7484e0cfb6,yes,torch.Tensor.sort,2023,2.1.0,,Vulnerability,Buffer Overflow,Out of Bound,Out of Bound Writes,API Input Context,Modeling Specific Inputs,,,,
,https://github.com/pytorch/pytorch/commit/1a361e4e9ff1a8dadd72c7301441cfb83d687f24,yes,torch.nn.LeakyReLU,2023,2.1.0,,Logical,Others,name 'buf0' is not defined,NameError: name 'buf0' is not defined,Test Case Context,Modeling Complex Tensor Operations and Layer Interactions,,,,
,https://github.com/pytorch/pytorch/commit/3b160ecc71eaed3db64cac53ef9089bea876b6d3,yes,torch.nn.AdaptiveMaxPool1d,2023,2.1.0,,Logical,RuntimeError,Expected input to have non-zero size,"RuntimeError: adaptive_max_pool2d(): Expected input to have non-zero size for non-batch dimensions, but input has sizes [0, 1, 1, 0] with dimension 3 being empty",API Input Context,Modeling Specific Inputs,,,,
,https://github.com/pytorch/pytorch/commit/9626604bdd313901524d8e8d0c6c6bef427d82f1,yes,torch.Tensor.squeeze,2023,2.1.0,,Logical,RuntimeError,CUDA kernel errors might be,"RuntimeError: CUDA error: device-side assert triggered CUDA kernel errors might be asynchronously reported at some other API call, so the stacktrace below might be incorrect.",API Input Context,Modeling Specific Inputs,,,,
,https://github.com/pytorch/pytorch/commit/e5b7c7a04fae8c58de30a647d7e879f4ffc9eda2,yes,torch.Tensor.neg,2023,2.1.0,,Logical,Inconsistent results,Inconsistent results,Inconsistent results,API Input Context,Modeling Specific Inputs,,,,
,https://github.com/pytorch/pytorch/commit/563d8058f44d5a6324893b4187b91c4cfb134aa7,yes,torch.nn.MaxPool1d,2023,2.0.0,,Logical,Inconsistent results,Inconsistent results,Inconsistent results,API Input Context,Modeling Specific Inputs,,,,
,https://github.com/pytorch/pytorch/commit/022119879065990ba6b65fbed17e97dc0e79f2f4,yes,torch.nn.LSTM,2023,2.0.0,,Logical,RuntimeError,expected scalar type Long but found Float,RuntimeError: expected scalar type Long but found Float,API Input Context,Modeling Specific Inputs,,,,
,https://github.com/pytorch/pytorch/commit/bb4e9e9124a81859de6ac1ef0c0798643cb9b7a6,yes,torch.cat,2023,2.1.0,,Logical,AssertionError,assert,assert torch.allclose(AssertionError: ,Test Case Context,Modeling Multiple API Usage Pattern,,,,
,https://github.com/pytorch/pytorch/commit/41069f2faa726faa8f9ca633391453d16f346e11,yes,torch.Tensor.split,2023,2.1.0,,Logical,ValueError,add up to the tensor's size in the given dimension,ValueError: Split sizes don't add up to the tensor's size in the given dimension,Test Case Context,Modeling Complex Tensor Operations and Layer Interactions,,,,
,https://github.com/pytorch/pytorch/commit/dbf0db958fa44a92d7685dd0128d76fc58089516,yes,torch.nn.FractionalMaxPool2d,2023,2.0.0,,Logical,RuntimeError,kernel_size must either be a single Int or tuple of Ints,RuntimeError: fractional_max_pool2d: kernel_size must either be a single Int or tuple of Ints,API Input Context,Modeling Specific Inputs,,,,
,https://github.com/pytorch/pytorch/commit/a8429342df25531f39f2b16a934a082566d44da1,yes,torch.tensor,2023,2.0.0,,Logical,Inconsistent results,Inconsistent results,Inconsistent results,API Input Context,Modeling Specific Inputs,,,,
,https://github.com/pytorch/pytorch/commit/9c7b03d51e097c40abdb9ef55ce79b98d7f1fd48,yes,torch.is_floating_point,2023,2.0.0,,Logical,IndexError,list index out of range,IndexError: list index out of range,API Input Context,Large Input Tensor,,,,
,https://github.com/pytorch/pytorch/commit/c757647dd8c198fbcca4d4e6c7cba6f1d12b97e6,yes,torch.nn.TransformerEncoderLayer,2023,2.0.0,,Logical,Others,Others,Others,Test Case Context,Comparing the Output of Two API Calls,,,,
,https://github.com/pytorch/pytorch/commit/29b216acd5f8db0968e0de85b4515fce215598ed,yes,torch.nn.functional.embedding_bag,2023,2.0.0,,Logical,Others,error,Others,Test Case Context,Modeling Complex Tensor Operations and Layer Interactions,,,,
,https://github.com/pytorch/pytorch/commit/92f3feabaa919767229c51adc76e2f7ff2d74ad0,yes,torch.Tensor.var,2023,2.0.0,,Logical,RuntimeError,returned an invalid gradient at index,"RuntimeError: Function VarBackward0 returned an invalid gradient at index 0 - got [] but expected shape compatible with [1, 1]",Test Case Context,Modeling Multiple API Usage Pattern,,,,
,https://github.com/pytorch/pytorch/commit/db6cfff827158c3f22a6707aed35d2013ec2d994,yes,torch.Tensor.index_select,2023,2.0.0,,Vulnerability,Buffer Overflow,heap-buffer-overflow on address,100125==ERROR: AddressSanitizer: heap-buffer-overflow on address 0x609000000284 at pc 0x7fb6f1b2e155 bp 0x7fff89752850 sp 0x7fff89752848 WRITE of size 4 at 0x609000000284 thread T0,API Input Context,Empty Input Tensor,,,,
,https://github.com/pytorch/pytorch/commit/795473ff5e861f21c6b5e0611177fcfa9e1c4e0c,yes,torch.nn.functional.conv2d,2022,2.1.0,,Logical,RuntimeError,on tensor with symbolic,RuntimeError: Cannot call sizes() on tensor with symbolic sizes/strides,API Input Context,Modeling Specific Inputs,,,,
,https://github.com/pytorch/pytorch/commit/b019a416741c1a78ebed89516c1f9fdbfb276898,yes,torch.nn.Conv2d,2022,2.0.0,,Logical,Inconsistent results,or a supported raw thrift client if you cannot use ServiceRouter,Inconsistent results,Test Case Context,Modeling Multiple API Usage Pattern,,,,
,https://github.com/pytorch/pytorch/commit/1a845579b67f522e22d899126c92672f46f6a7b9,yes,torch.rand,2022,2.1.0,,Logical,Inconsistent results,object is not subscriptable,"/home/xxx/.local/lib/python3.7/site-packages/torch/onnx/utils.py:366: UserWarning: Skipping _decide_input_format
 'NoneType' object is not subscriptable
  warnings.warn(""Skipping _decide_input_format\n {}"".format(e.args[0]))
PyTorch Output DTypes: (torch.float64, torch.float32)
ONNX Output DTypes: ('onnx.TensorProto.FLOAT', 'onnx.TensorProto.FLOAT')",API Input Context,Modeling Specific Inputs,,,,
,https://github.com/pytorch/pytorch/commit/4a0f6e6c530b624bb5a4fbcaebe3fd43b1ff66c3,yes,torch.nn.GroupNorm,2022,2.1.0,,Logical,RuntimeError,Expected number of channels,"RuntimeError: Expected number of channels in input to be divisible by num_groups, but got input of shape [1, 6, 4, 4] and num_groups=5",API Input Context,Modeling Specific Inputs,,,,
,https://github.com/pytorch/pytorch/commit/75db05c3fdb6f3b6682dab1532cd6e1e5b423527,yes,torch.set_default_dtype,2022,2.0.0,,Vulnerability,Segmentation fault,Segmentation fault,segmentation fault,API Input Context,Supporting Specific Data Types,,,,
,https://github.com/pytorch/pytorch/commit/b69155f754bb077acf0dc3e32251f0352234ed5c,yes,torch.save,2021,2.0.0,,Logical,RuntimeError,Trying to resize storage that is not resizable,RuntimeError: Trying to resize storage that is not resizable at ../aten/src/TH/THStorageFunctions.cpp:100,Test Case Context,Modeling Multiple API Usage Pattern,,,,
,https://github.com/pytorch/pytorch/commit/79dc500a992b7d6f8eba96bc28ff856f2ea9e10d,yes,torch.nn.GRU,2021,2.1.0,,Logical,RuntimeError,stack expects a non-empty TensorList,RuntimeError: stack expects a non-empty TensorList,API Input Context,Zero Integer Argument,,,,
,https://github.com/pytorch/pytorch/commit/f0f69c5dc104b2a433d582c5e8a71812b1a2ff6f,yes,torch.Tensor.where,2021,2.1.0,,Logical,RuntimeError,Expected condition to have ScalarType Byte,"RuntimeError: Expected condition to have ScalarType Byte, but got ScalarType Float",API Input Context,Modeling Specific Inputs,,,,
,https://github.com/pytorch/pytorch/commit/6c235ef267c350225b7ca3f0caedb1a05c9df9ec,yes,torch.normal,2021,2.0.0,,Logical,RuntimeError,but found std,"RuntimeError: normal_ expects std > 0.0, but found std=-1",API Input Context,Negative Integer Argument,,,,
,https://github.com/pytorch/pytorch/commit/c675727adf36bdbb60933c9c7529d3ee34462093,yes,torch.empty,2020,2.0.0,,Logical,TypeError,must be tuple of ints,"TypeError: empty(): argument 'size' must be tuple of ints, but found element of type int at pos 1",API Input Context,Large Integer Argument,,,,
