tensorflow,https://github.com/tensorflow/tensorflow/issues/73531,2024-08-11T10:45:11Z,Conv2D is no longer supporting Masking in TF v2.17.0,YES,tf.keras.layers.Conv2D,2.17.0,"cudatoolkit=12.6.0, cudnn=8.9.7.29"
tensorflow,https://github.com/tensorflow/tensorflow/issues/73519,2024-08-10T13:39:20Z,Segmentation fault (core dumped) in `tf.config.threading.set_inter_op_parallelism_threads`,YES,<tf.config.threading.set_inter_op_parallelism_threads>,2.17,No CUDA version is mentioned in the description.
tensorflow,https://github.com/tensorflow/tensorflow/issues/73518,2024-08-10T13:33:57Z,Aborted (core dumped) in `tf.config.threading.set_intra_op_parallelism_threads`,YES,<tf.config.threading.set_intra_op_parallelism_threads>,2.17,<CUDA version>
tensorflow,https://github.com/tensorflow/tensorflow/issues/73465,2024-08-09T14:22:36Z,Aborted (core dumped) in `tf.io.TFRecordOptions`,YES,tf.io.TFRecordOptions,<tf 2.17>,_No response_
tensorflow,https://github.com/tensorflow/tensorflow/issues/73367,2024-08-08T09:36:08Z,Gradient computation for `vectorized_map` nested inside `while_loop`,YES,"<tf.vectorized_map>
<tf.while_loop>
<tf.map_fn>",v2.17.0,No specific CUDA version is mentioned in the description.
tensorflow,https://github.com/tensorflow/tensorflow/issues/73362,2024-08-08T09:14:54Z,sample_weight taking long to initialize,YES,tf.keras.Model.fit,2.12.0,No CUDA version is mentioned in the description.
tensorflow,https://github.com/tensorflow/tensorflow/issues/72953,2024-08-01T12:52:10Z,Please initialize `TimeDistributed` layer with a `tf.keras.layers.Layer` instance,YES,tf.keras.layers.TimeDistributed,2.15,<CUDA version>
tensorflow,https://github.com/tensorflow/tensorflow/issues/72873,2024-07-31T09:35:26Z,TF strings do not work on the GPU as indices for  `tf.gather` / `tf.nn.embedding_lookup`,YES,"tf.gather  
tf.nn.embedding_lookup  
tf.lookup.StaticHashTable  ",2.15,<CUDA version>
tensorflow,https://github.com/tensorflow/tensorflow/issues/72785,2024-07-30T15:03:03Z,Sparse segment mean/sum gives random result on empty tensor,YES,"<tf.math.sparse_segment_mean>
<tf.math.sparse_segment_sum>",2.12.1,<CUDA version>
tensorflow,https://github.com/tensorflow/tensorflow/issues/72755,2024-07-30T07:10:50Z,Can not provide a sparse tensor to calculate ctc loss in TnesorFlow2,YES,"tf.nn.ctc_loss  
tf.sparse.from_dense",TensorFlow2,The issue description does not mention a specific CUDA version.
tensorflow,https://github.com/tensorflow/tensorflow/issues/72709,2024-07-29T15:18:49Z,`tf.bitwise.left_shift`'s behavior is different on cpu and gpu on tensorflow 2.18.0-dev20240728,YES,<tf.bitwise.left_shift>,v1.12.1-113709-gdc368f6cbd8 2.18.0-dev20240728,cuda_12.4.r12.4
tensorflow,https://github.com/tensorflow/tensorflow/issues/72365,2024-07-23T13:34:32Z,tf.range miss some dtypes support,YES,<tf.range>,v1.12.1-113444-ga98a073af6f 2.18.0-dev20240722,No response
tensorflow,https://github.com/tensorflow/tensorflow/issues/72362,2024-07-23T12:46:06Z,tf.raw_ops.BlockLSTMV2: tensorflow/core/framework/tensor.cc:1075] Check failed: 0 <= start (0 vs. -9) Aborted (core dumped) ,YES,<tf.raw_ops.BlockLSTMV2>,2.18.0.dev20240717,No specific CUDA version is mentioned in the provided GitHub issue description.
tensorflow,https://github.com/tensorflow/tensorflow/issues/72332,2024-07-23T00:44:47Z,tf.strided_slice new_axis_mask inconsistency,YES,tf.strided_slice,"tf-nightly, 2.17.0, 2.16.2, 2.16.1","The CUDA version mentioned in the issue description is not explicitly stated, as there is a section labeled ""### CUDA/cuDNN version"" that has ""_No response_"". Therefore, there is no CUDA version referenced in the description."
tensorflow,https://github.com/tensorflow/tensorflow/issues/72295,2024-07-22T14:08:43Z,tf.raw_ops.MapUnstage: Check failed: 1 == NumElements() (1 vs. 120)Must have a one element tensor Aborted (core dumped),YES,<tf.raw_ops.MapUnstage>,2.18.0.dev20240717,No CUDA version is mentioned in the issue description.
tensorflow,https://github.com/tensorflow/tensorflow/issues/71937,2024-07-16T15:02:16Z,`tf.data.Dataset.prefetch()` error with basic usage,YES,tf.data.Dataset.prefetch,2.17.0,No CUDA version is mentioned in the description.
tensorflow,https://github.com/tensorflow/tensorflow/issues/71833,2024-07-14T21:08:50Z,Inconsistent results from distributed training of models containing `TimeDistributed` or `SeparableConv2D` ,YES,"<tf.TimeDistributed>
<tf.SeparableConv2D>",2.18.0-dev20240710,No CUDA version is mentioned in the description.
tensorflow,https://github.com/tensorflow/tensorflow/issues/71744,2024-07-12T12:24:35Z,`tf.data.Dataset.from_tensor_slices` allocates GPU RAM,YES,<tf.data.Dataset.from_tensor_slices>,v2.17.0,No CUDA version is mentioned in the description.
tensorflow,https://github.com/tensorflow/tensorflow/issues/70311,2024-06-24T22:48:34Z,model.fit ValueError: Cannot take the length of shape with unknown rank.,YES,tf.model.fit,2.17,<CUDA version>
tensorflow,https://github.com/tensorflow/tensorflow/issues/69700,2024-06-13T14:38:21Z,Segmentation fault in `tf.raw_ops.CollectiveAllToAllV2`,YES,<tf.raw_ops.CollectiveAllToAllV2>,2.16,No CUDA version is mentioned in the description.
tensorflow,https://github.com/tensorflow/tensorflow/issues/69699,2024-06-13T14:35:21Z,Segmentation fault in `tf.raw_ops.CollectiveGatherV2`,YES,tf.raw_ops.CollectiveGatherV2,2.16,No CUDA version is mentioned in the description.
tensorflow,https://github.com/tensorflow/tensorflow/issues/69595,2024-06-12T12:44:00Z,tf.signal.rfftnd throws NotFoundError on CPU execution (GPU-behavior unknown),YES,tf.signal.rfftnd,2.16.1,No CUDA version is mentioned in the description.
tensorflow,https://github.com/tensorflow/tensorflow/issues/69471,2024-06-10T13:24:51Z,Aborted (core dumped) in `tf.experimental.numpy.diag/tf.compat.v1.linalg.diag/tf.experimental.numpy.diagflat/tf.keras.ops.diag`,YES,"tf.experimental.numpy.diag
tf.compat.v1.linalg.diag
tf.experimental.numpy.diagflat
tf.keras.ops.diag",2.16,No CUDA version is mentioned in the description.
tensorflow,https://github.com/tensorflow/tensorflow/issues/69455,2024-06-10T03:32:42Z,Crash in `tf.raw_ops.SparseCountSparseOutput `,YES,tf.raw_ops.SparseCountSparseOutput,TensorFlow Nightly,No CUDA version is mentioned in the description.
tensorflow,https://github.com/tensorflow/tensorflow/issues/69322,2024-06-06T14:30:10Z,Crash in `tf.raw_ops.ResizeNearestNeighbor/ResizeNearestNeighborGrad/ResizeArea/ResizeBicubic/ResizeBilinear`,YES,"tf.raw_ops.ResizeBilinear  
tf.raw_ops.ResizeBicubic  
tf.raw_ops.ResizeArea  
tf.raw_ops.ResizeNearestNeighbor  
tf.raw_ops.ResizeNearestNeighborGrad",TensorFlow Nightly,_No response_
tensorflow,https://github.com/tensorflow/tensorflow/issues/69286,2024-06-06T01:24:46Z,Aborted (core dumped) in `tf.raw_ops.ResourceApplyCenteredRMSProp/tf.raw_ops.ResourceSparseApplyCenteredRMSProp`,YES,"tf.raw_ops.ResourceApplyCenteredRMSProp  
tf.raw_ops.ResourceSparseApplyCenteredRMSProp",2.16,CUDA version: Not specified
tensorflow,https://github.com/tensorflow/tensorflow/issues/69285,2024-06-06T01:19:37Z,Aborted (core dumped) in `tf.raw_ops.ResourceApplyAdagrad/tf.raw_ops.ResourceApplyAdagradDA/tf.raw_ops.ResourceApplyAdagradV2`,YES,"<tf.raw_ops.ResourceApplyAdagrad>
<tf.raw_ops.ResourceApplyAdagradDA>
<tf.raw_ops.ResourceApplyAdagradV2>",2.16,No CUDA version is mentioned in the description.
tensorflow,https://github.com/tensorflow/tensorflow/issues/69284,2024-06-06T01:15:35Z,Aborted (core dumped) in `tf.raw_ops.ResourceSparseApplyAdagrad/tf.raw_ops.ResourceSparseApplyAdagradDA/tf.raw_ops.ResourceSparseApplyAdagradV2`,YES,"tf.raw_ops.ResourceSparseApplyAdagrad  
tf.raw_ops.ResourceSparseApplyAdagradDA  
tf.raw_ops.ResourceSparseApplyAdagradV2",2.16,<No response>
tensorflow,https://github.com/tensorflow/tensorflow/issues/69283,2024-06-06T01:10:53Z,Aborted (core dumped) in `tf.raw_ops.ResourceSparseApplyAdadelta/tf.raw_ops.ResourceApplyAdadelta`,YES,"<tf.raw_ops.ResourceSparseApplyAdadelta>
<tf.raw_ops.ResourceApplyAdadelta>",2.16,No CUDA version is mentioned in the description.
tensorflow,https://github.com/tensorflow/tensorflow/issues/69281,2024-06-06T01:07:46Z,Aborted (core dumped) in `tf.raw_ops.ResourceApplyRMSProp/tf.raw_ops.ResourceSparseApplyRMSProp`,YES,"tf.raw_ops.ResourceApplyRMSProp
tf.raw_ops.ResourceSparseApplyRMSProp",2.16,No CUDA version is mentioned in the issue description.
tensorflow,https://github.com/tensorflow/tensorflow/issues/69279,2024-06-06T01:01:58Z,Aborted (core dumped) in `tf.raw_ops.ResourceApplyKerasMomentum/tf.raw_ops.ResourceSparseApplyKerasMomentum`,YES,"tf.raw_ops.ResourceApplyKerasMomentum
tf.raw_ops.ResourceSparseApplyKerasMomentum",2.16,No CUDA version is mentioned in the description.
tensorflow,https://github.com/tensorflow/tensorflow/issues/69278,2024-06-06T00:53:19Z,Aborted (core dumped) in `tf.raw_ops.ResourceApplyFtrl/tf.raw_ops.ResourceApplyFtrlV2/tf.raw_ops.ResourceSparseApplyFtrl/tf.raw_ops.ResourceSparseApplyFtrlV2`,YES,"<tf.raw_ops.ResourceApplyFtrl>
<tf.raw_ops.ResourceApplyFtrlV2>
<tf.raw_ops.ResourceSparseApplyFtrl>
<tf.raw_ops.ResourceSparseApplyFtrlV2>",2.16,No CUDA version is mentioned in the description.
tensorflow,https://github.com/tensorflow/tensorflow/issues/69220,2024-06-05T10:42:09Z,Aborted (core dumped) in `tf.raw_ops.QuantizeAndDequantizeV3`,YES,tf.raw_ops.QuantizeAndDequantizeV3,2.16,No CUDA version is mentioned in the issue description.
tensorflow,https://github.com/tensorflow/tensorflow/issues/69213,2024-06-05T09:19:56Z,Aborted (core dumped) in `tf.transpose`,YES,"tf.transpose  
tf.experimental.numpy.transpose  
tf.compat.v1.transpose  
tf.keras.ops.transpose  
tf.raw_ops.transpose  
tf.raw_ops.ConjugateTranspose  ",<Library Version> 2.16,No CUDA version is mentioned in the description.
tensorflow,https://github.com/tensorflow/tensorflow/issues/68836,2024-05-29T19:33:25Z,segmentation fault when tf.histogram_fixed_width receives large `value_range` and `nbins` on CPU mode ,YES,"<API Name>
tf.histogram_fixed_width",2.16.1,<CUDA version>
tensorflow,https://github.com/tensorflow/tensorflow/issues/68593,2024-05-24T11:24:11Z,Local rendezvous is aborting with status: OUT_OF_RANGE: End of sequence when call some methods of `tf.data`,YES,tf.data,<tf 2.16>,No CUDA version is mentioned in the description.
tensorflow,https://github.com/tensorflow/tensorflow/issues/67023,2024-05-06T14:57:57Z,GlobalAveragePooling1D fails with empty inputs and a mask,YES,tf.keras.layers.GlobalAveragePooling1D,2.15.0,No CUDA version is mentioned in the description.
tensorflow,https://github.com/tensorflow/tensorflow/issues/66768,2024-05-01T04:08:30Z,Aborted (core dumped) in `TensorScatterOp`,YES,"<tf.raw_ops.TensorScatterAdd>
<tf.raw_ops.TensorScatterMax>
<tf.raw_ops.TensorScatterMin>
<tf.raw_ops.TensorScatterSub>
<tf.raw_ops.TensorScatterUpdate>",2.16.1,No specific CUDA version is mentioned in the issue description.
tensorflow,https://github.com/tensorflow/tensorflow/issues/66766,2024-05-01T03:53:11Z,Aborted (core dumped) in `tf.raw_ops.SparseBincount`,YES,<tf.raw_ops.SparseBincount>,2.16.1,No CUDA version is mentioned in the description.
tensorflow,https://github.com/tensorflow/tensorflow/issues/66765,2024-05-01T03:50:23Z,Aborted (core dumped) in `tf.raw_ops.NearestNeighbors`,YES,tf.raw_ops.NearestNeighbors,2.16.1,No CUDA version is mentioned in the description.
tensorflow,https://github.com/tensorflow/tensorflow/issues/66764,2024-05-01T03:46:46Z,Check fail in `tf.raw_ops.MaxPoolGradWithArgmax`,YES,<tf.raw_ops.MaxPoolGradWithArgmax>,2.16.1,No CUDA version is mentioned in the issue description.
tensorflow,https://github.com/tensorflow/tensorflow/issues/66763,2024-05-01T03:41:25Z,Aborted (core dumped) with `tf.raw_ops.LSTMBlockCellGrad`,YES,tf.raw_ops.LSTMBlockCellGrad,2.16.1,_No response_
tensorflow,https://github.com/tensorflow/tensorflow/issues/66762,2024-05-01T03:37:18Z,Aborted (core dumped) with `tf.raw_ops.LSTMBlockCell`,YES,tf.raw_ops.LSTMBlockCell,2.16.1,No CUDA version is mentioned in the description.
tensorflow,https://github.com/tensorflow/tensorflow/issues/66761,2024-05-01T03:33:03Z,Aborted (core dumped) with `tf.raw_ops.LRNGrad`,YES,<tf.raw_ops.LRNGrad>,2.16.1,No specific CUDA version is mentioned in the issue description.
tensorflow,https://github.com/tensorflow/tensorflow/issues/66759,2024-05-01T03:16:02Z,Aborted (core dumped) with `tf.raw_ops.FakeQuantWithMinMaxVarsPerChannelGradient`,YES,<tf.raw_ops.FakeQuantWithMinMaxVarsPerChannelGradient>,2.16.1,No CUDA version is mentioned in the description.
tensorflow,https://github.com/tensorflow/tensorflow/issues/66758,2024-05-01T03:05:19Z,Aborted (core dumped) with `tf.raw_ops.Dilation2DBackpropFilter`,YES,tf.raw_ops.Dilation2DBackpropFilter,2.16.1,No specific CUDA version is mentioned in the issue description.
tensorflow,https://github.com/tensorflow/tensorflow/issues/66757,2024-05-01T02:59:49Z,Aborted (core dumped) with `tf.raw_ops.CombinedNonMaxSuppression`,YES,<tf.raw_ops.CombinedNonMaxSuppression>,2.16.1,No CUDA version is mentioned in the description.
tensorflow,https://github.com/tensorflow/tensorflow/issues/66583,2024-04-28T09:40:56Z,tf.raw_ops.StringSplitV2 does not limit a number of splits by max_split attribute,YES,<tf.raw_ops.StringSplitV2>,2.16.1,<CUDA version>
tensorflow,https://github.com/tensorflow/tensorflow/issues/66115,2024-04-19T22:45:12Z,tf.function deadlock with multiple multiprocess/threading,YES,<tf.function>,2.16,The issue description does not mention a specific CUDA version.
tensorflow,https://github.com/tensorflow/tensorflow/issues/65871,2024-04-16T19:18:25Z,`Overflow` in `tf.raw_ops.SparseReduceSumSparse` when there are too large values in `input_shape`. ,YES,<tf.raw_ops.SparseReduceSumSparse>,2.15,No CUDA version is mentioned in the description.
tensorflow,https://github.com/tensorflow/tensorflow/issues/65868,2024-04-16T19:07:33Z,`Assertion failure` in `tf.signal.inverse_stft` when the value of `frame_length` is too large.,YES,<tf.signal.inverse_stft>,2.15,No CUDA version is mentioned in the description.
tensorflow,https://github.com/tensorflow/tensorflow/issues/65866,2024-04-16T18:52:12Z,`Check failed` in `tf.linalg.diag`,YES,<tf.linalg.diag>,2.15,No CUDA version is mentioned in the description.
tensorflow,https://github.com/tensorflow/tensorflow/issues/65864,2024-04-16T18:32:12Z,`Overflow` in `tf.compat.v1.nn.ctc_loss` and `tf.compat.v1.nn.ctc_loss_v2` when there are too large values in `labels`.,YES,"<tf.compat.v1.nn.ctc_loss>
<tf.compat.v1.nn.ctc_loss_v2>",2.15,No specific CUDA version is mentioned in the issue description.
tensorflow,https://github.com/tensorflow/tensorflow/issues/65862,2024-04-16T18:14:07Z,`Check failed` in `tf.raw_ops.TensorListSplit` when the values of `element_shape` are too large.,YES,<tf.raw_ops.TensorListSplit>,2.15,"The issue description does not explicitly mention a CUDA version. Therefore, there is no CUDA version referenced in the provided text."
tensorflow,https://github.com/tensorflow/tensorflow/issues/65835,2024-04-16T10:53:07Z,Segmentation fault in `tf.config.experimental_connect_to_cluster` with `@tf.function`,YES,tf.config.experimental_connect_to_cluster,<tf 2.16.1>,12.0
tensorflow,https://github.com/tensorflow/tensorflow/issues/65793,2024-04-16T05:25:05Z,`Segmentation fault` in `tf.raw_ops.TensorArrayV3` when the value of  `size` is too large.,YES,<tf.raw_ops.TensorArrayV3>,2.15,No CUDA version is mentioned in the description.
tensorflow,https://github.com/tensorflow/tensorflow/issues/65791,2024-04-16T05:10:26Z,`Segmentation fault` in `tf.raw_ops.SparseFillEmptyRows` when the value of `dense_shape` is too large.,YES,<tf.raw_ops.SparseFillEmptyRows>,2.15,No CUDA version is mentioned in the description.
tensorflow,https://github.com/tensorflow/tensorflow/issues/65790,2024-04-16T05:05:06Z,`Segmentation fault` in `tf.raw_ops.RaggedRange` and `tf.ragged.range` when `starts` or `limits` has large (postive/negative) values.,YES,"tf.raw_ops.RaggedRange  
tf.ragged.range",2.15,No CUDA version is mentioned in the description.
tensorflow,https://github.com/tensorflow/tensorflow/issues/65785,2024-04-16T04:43:40Z,`Segmentation fault` in `tf.raw_ops.CollectiveGather` when `input` is empty.,YES,<tf.raw_ops.CollectiveGather>,2.15,No CUDA version is mentioned in the description.
tensorflow,https://github.com/tensorflow/tensorflow/issues/65783,2024-04-16T04:35:16Z,`Segmentation fault` in `tf.raw_ops.ConjugateTranspose` when `perm` have negative values. ,YES,<tf.raw_ops.ConjugateTranspose>,2.15,No CUDA version is mentioned in the issue description.
tensorflow,https://github.com/tensorflow/tensorflow/issues/65736,2024-04-15T17:12:56Z,`Assertion failure` in `tf.raw_ops.RFFT` and `tf.signal.rfft` when the value of `fft_length` is 0. ,YES,"tf.raw_ops.RFFT
tf.signal.rfft",2.15,No CUDA version is mentioned in the description.
tensorflow,https://github.com/tensorflow/tensorflow/issues/65735,2024-04-15T17:11:05Z,`Assertion failure` in `tf.raw_ops.RFFT2D` and `tf.signal.rfft2d` when the values of `fft_length` are 0.,YES,"<tf.raw_ops.RFFT2D>
<tf.signal.rfft2d>",2.15,No CUDA version is mentioned in the issue description.
tensorflow,https://github.com/tensorflow/tensorflow/issues/65733,2024-04-15T16:58:23Z,Some crash errors in `tf.raw_ops.RFFT3D` and `tf.signal.rfft3d`,YES,"<tf.raw_ops.RFFT3D>  
<tf.signal.rfft3d>",2.15,No CUDA version is mentioned in the issue description.
tensorflow,https://github.com/tensorflow/tensorflow/issues/65732,2024-04-15T16:19:28Z,`Segmentation fault` in `tf.raw_ops.LoadAndRemapMatrix` when the value of `num_cols` is too large while `col_remapping` is empty.,YES,<tf.raw_ops.LoadAndRemapMatrix>,2.15,"The description does not mention a specific CUDA version. Therefore, there is no CUDA version referenced in the issue description."
tensorflow,https://github.com/tensorflow/tensorflow/issues/65731,2024-04-15T16:04:05Z,`Check failed` in `tf.raw_ops.LoadAndRemapMatrix` when the rank of `ckpt_path` is not equal to the rank of `old_tensor_name`.,YES,<tf.raw_ops.LoadAndRemapMatrix>,2.15,No CUDA version is mentioned in the description.
tensorflow,https://github.com/tensorflow/tensorflow/issues/65729,2024-04-15T15:35:53Z,`Check failed` in `tf.raw_ops.Batch` when the value of `num_batch_threads` is too large.,YES,<tf.raw_ops.Batch>,2.15,No CUDA version is mentioned in the description.
tensorflow,https://github.com/tensorflow/tensorflow/issues/65728,2024-04-15T15:09:23Z,`Check Failed` in `tf.raw_ops.FakeQuantWithMinMaxVarsPerChannel` and `tf.quantization.fake_quant_with_min_max_vars_per_channel` when the input of `inputs` is scalar.,YES,"tf.raw_ops.FakeQuantWithMinMaxVarsPerChannel  
tf.quantization.fake_quant_with_min_max_vars_per_channel",tf 2.15,No CUDA version is mentioned in the description.
tensorflow,https://github.com/tensorflow/tensorflow/issues/65727,2024-04-15T14:50:33Z,`Overflow` in `tf.raw_ops.SerializeManySparse` when there are too large values in `sparse_shape`.,YES,<tf.raw_ops.SerializeManySparse>,2.15,No CUDA version is mentioned in the description.
tensorflow,https://github.com/tensorflow/tensorflow/issues/65724,2024-04-15T14:40:25Z,Some errors in `tf.raw_ops.SparseTensorDenseMatMul` when there are negative or too large values in `a_shape`.,YES,<tf.raw_ops.SparseTensorDenseMatMul>,2.15,No CUDA version is mentioned in the description.
tensorflow,https://github.com/tensorflow/tensorflow/issues/65721,2024-04-15T12:48:08Z,`Check failed` in `f.raw_ops.CropAndResizeGradBoxes` when `boxes` and `box_indices` are empty. ,YES,<tf.raw_ops.CropAndResizeGradBoxes>,2.15,No CUDA version is mentioned in the description.
tensorflow,https://github.com/tensorflow/tensorflow/issues/65675,2024-04-14T19:02:53Z,Memory leak in tf.data when iterating over Dataset.from_generator,YES,<tf.data.Dataset.from_generator>,v1.12.1-109002-g2c2c0a17f05,<CUDA/cuDNN version>
tensorflow,https://github.com/tensorflow/tensorflow/issues/65674,2024-04-14T17:41:03Z,Some `Check Failed` errors in `tf.raw_ops.MatrixSetDiagV2`,YES,<tf.raw_ops.MatrixSetDiagV2>,tf 2.15,No CUDA version is mentioned in the description.
tensorflow,https://github.com/tensorflow/tensorflow/issues/65673,2024-04-14T17:33:52Z,Some `Check Failed` errors in `tf.raw_ops.MatrixSetDiagV3`,YES,<tf.raw_ops.MatrixSetDiagV3>,2.15,No CUDA version is mentioned in the description.
tensorflow,https://github.com/tensorflow/tensorflow/issues/65672,2024-04-14T17:14:00Z,`Segmentation Fault` in `tf.raw_ops.TensorListScatter` and `tf.raw_ops.TensorListScatterV2` when the value of `indices` is too large.,YES,"<tf.raw_ops.TensorListScatter>
<tf.raw_ops.TensorListScatterV2>",2.15,The issue description does not mention a specific CUDA version.
tensorflow,https://github.com/tensorflow/tensorflow/issues/65671,2024-04-14T16:46:04Z,`Check failed` in `tf.raw_ops.TensorScatterAdd` and `tf.tensor_scatter_nd_add` when the rank of `indices` > 2. ,YES,"<tf.raw_ops.TensorScatterAdd>
<tf.tensor_scatter_nd_add>",2.15,No CUDA version is mentioned in the description.
tensorflow,https://github.com/tensorflow/tensorflow/issues/65670,2024-04-14T16:41:30Z,`Check failed` in `tf.raw_ops.TensorScatterSub` and `tf.tensor_scatter_nd_sub` when the rank of `indices` > 2.,YES,"<tf.raw_ops.TensorScatterSub>
<tf.tensor_scatter_nd_sub>",2.15,"The issue description does not mention a specific CUDA version. Therefore, there is no CUDA version referenced in the description."
tensorflow,https://github.com/tensorflow/tensorflow/issues/65668,2024-04-14T16:16:43Z,`Check failed` in `tf.raw_ops.TensorScatterMax` and `tf.tensor_scatter_nd_max` when the rank of `indices` > 2.,YES,"<tf.raw_ops.TensorScatterMax>
<tf.tensor_scatter_nd_max>",2.15,No CUDA version is mentioned in the description.
tensorflow,https://github.com/tensorflow/tensorflow/issues/65667,2024-04-14T16:11:54Z,`Check failed` in `tf.raw_ops.TensorScatterUpdate` and `tf.tensor_scatter_nd_update` when the rank of `indices` > 2.,YES,"tf.raw_ops.TensorScatterUpdate  
tf.tensor_scatter_nd_update",2.15,"The issue description does not mention a specific CUDA version. Therefore, there is no CUDA version referenced in the description."
tensorflow,https://github.com/tensorflow/tensorflow/issues/65666,2024-04-14T15:25:42Z,`Check failed` in `tf.raw_ops.ScatterNd` and `tf.scatter_nd` when the rank of `indices` > 2. ,YES,"tf.raw_ops.ScatterNd
tf.scatter_nd",2.15,No CUDA version is mentioned in the description.
tensorflow,https://github.com/tensorflow/tensorflow/issues/65653,2024-04-14T05:32:07Z,`Check failed` and `segmentation fault` in `tf.raw_ops.AudioSpectrogram`.,YES,tf.raw_ops.AudioSpectrogram,2.15,No CUDA version is mentioned in the description.
tensorflow,https://github.com/tensorflow/tensorflow/issues/65652,2024-04-14T05:10:59Z,`Check failed` in `tf.image.crop_and_resize` and `tf.compat.v1.image.crop_and_resize` when `boxes` and `box_indices` are empty.,YES,"<tf.image.crop_and_resize>
<tf.compat.v1.image.crop_and_resize>",2.15,No CUDA version is mentioned in the issue description.
tensorflow,https://github.com/tensorflow/tensorflow/issues/65647,2024-04-14T04:28:10Z,`segmentation fault` in `tf.raw_ops.AddManySparseToTensorsMap` when `sparse_indices` and `sparse_values` are empty and `sparse_shape` is too large.,YES,<tf.raw_ops.AddManySparseToTensorsMap>,2.15,No CUDA version is mentioned in the description.
tensorflow,https://github.com/tensorflow/tensorflow/issues/65636,2024-04-13T18:25:26Z,`Check failed` in `tf.raw_ops.UnbatchGrad` when the input of `original_input` is empty.,YES,<tf.raw_ops.UnbatchGrad>,<Library Version> 2.15,No CUDA version is mentioned in the description.
tensorflow,https://github.com/tensorflow/tensorflow/issues/65634,2024-04-13T18:07:22Z,`Overflow` in `tf.raw_ops.DenseBincount` when the value of `size` is too large.,YES,<tf.raw_ops.DenseBincount>,2.15,There is no specific CUDA version mentioned in the issue description.
tensorflow,https://github.com/tensorflow/tensorflow/issues/65633,2024-04-13T17:50:28Z,Some `Check Failed` errors in `tf.raw_ops.Unbatch`,YES,<tf.raw_ops.Unbatch>,<2.15>,There is no CUDA version mentioned in the provided issue description.
tensorflow,https://github.com/tensorflow/tensorflow/issues/65632,2024-04-13T16:27:05Z,`Check failed` in `tf.strings.unsorted_segment_join` when the rank of `inputs` is larger than 1 and the value of `num_segments` is too large.,YES,<tf.strings.unsorted_segment_join>,2.15,No CUDA version is mentioned in the description.
tensorflow,https://github.com/tensorflow/tensorflow/issues/65630,2024-04-13T15:18:37Z,`Check failed` and other errors in `tf.unstack` when dtype of `axis` is `uint64`.,YES,tf.unstack,<tf 2.15>,No CUDA version is mentioned in the description.
tensorflow,https://github.com/tensorflow/tensorflow/issues/65436,2024-04-11T03:57:52Z,model.summary() broken for custom models subclassed from tf.keras.Model,YES,tf.keras.Model,2.16.1,No CUDA version is mentioned in the description.
tensorflow,https://github.com/tensorflow/tensorflow/issues/65379,2024-04-10T06:56:36Z,"tf.raw_ops.Unbatch aborts with ""Check failed: d < dims()""",YES,<tf.raw_ops.Unbatch>,tf 2.17,No CUDA version is mentioned in the description.
tensorflow,https://github.com/tensorflow/tensorflow/issues/65120,2024-04-05T12:49:16Z,`floating point exception` in `tf.nn.max_pool3d` when value of `ksize` is too large.,YES,<tf.nn.max_pool3d>,2.15,No CUDA version is mentioned in the description provided.
tensorflow,https://github.com/tensorflow/tensorflow/issues/64928,2024-04-02T17:03:12Z,`SystemError` in `tf.raw_ops.ParallelConcat` when `dtype` of `shape` is `tf.qint16` or `tf.quint16`. ,YES,<tf.raw_ops.ParallelConcat>,2.15,No CUDA version is mentioned in the description.
tensorflow,https://github.com/tensorflow/tensorflow/issues/64923,2024-04-02T15:36:54Z,`SystemError` in `tf.signal.frame` when `dtype` of `frame_step` is `tf.uint64` and its value is too large. ,YES,<tf.signal.frame>,2.15,No CUDA version is mentioned in the description.
tensorflow,https://github.com/tensorflow/tensorflow/issues/64917,2024-04-02T12:46:59Z,`SystemError` in `tf.ensure_shape` and `tf.compat.v1.ensure_shape` when `dtype` of `shape` is `tf.uint64` and its value is too large.,YES,"<tf.ensure_shape>
<tf.compat.v1.ensure_shape>",2.15,No CUDA version is mentioned in the description.
tensorflow,https://github.com/tensorflow/tensorflow/issues/64681,2024-03-28T16:15:23Z,Check failed: ret == 0 (11 vs. 0)Thread tf_data_private_threadpool creation via pthread_create() failed. Aborted (core dumped),YES,tf.data.Dataset.from_tensor_slices,<Library Version> 2.15.0.post1,8.9.2.26
tensorflow,https://github.com/tensorflow/tensorflow/issues/64655,2024-03-28T07:38:24Z,Aborted (core dumped) with `tf.raw_ops.LoadAndRemapMatrix`,YES,tf.raw_ops.LoadAndRemapMatrix,2.16.1,No CUDA version is mentioned in the provided GitHub issue description.
tensorflow,https://github.com/tensorflow/tensorflow/issues/64349,2024-03-23T08:43:08Z,how to solve this error ? : AttributeError: module 'keras._tf_keras.keras.layers' has no attribute 'experimental' ,YES,<tf.keras.layers.experimental.SyncBatchNormalization>,2.15.0,<CUDA version>
tensorflow,https://github.com/tensorflow/tensorflow/issues/64256,2024-03-22T05:21:16Z,"tf.raw_ops.ApproximateEqual/Erfinv fail support a few data types, inconsistent with the documentation",YES,"tf.raw_ops.ApproximateEqual  
tf.raw_ops.Erfinv",2.15.0,<No response>
tensorflow,https://github.com/tensorflow/tensorflow/issues/64225,2024-03-21T21:30:58Z,using tf.linalg.det in custom loss function yields matrix inversion error,YES,tf.linalg.det,2.16.1,<CUDA version>
tensorflow,https://github.com/tensorflow/tensorflow/issues/63937,2024-03-19T02:26:44Z,Aborted (core dumped) in tf.raw_ops.SparseMatrixZeros,YES,tf.raw_ops.SparseMatrixZeros,2.13,12.0
tensorflow,https://github.com/tensorflow/tensorflow/issues/63848,2024-03-17T08:26:25Z,tf.math.angle(nan) returns inconsistent results on dtype float64 / complex128.,YES,tf.math.angle,2.15.0,No specific CUDA version is mentioned in the description.
tensorflow,https://github.com/tensorflow/tensorflow/issues/63721,2024-03-14T15:59:00Z,A check fail can be triggered in tf.raw_ops.StatefulPartitionedCall,YES,<tf.raw_ops.StatefulPartitionedCall>,2.15,No CUDA version is mentioned in the description.
tensorflow,https://github.com/tensorflow/tensorflow/issues/63720,2024-03-14T15:57:19Z,A check fail can be triggered in tf.raw_ops.ResourceSparseApplyKerasMomentum,YES,<tf.raw_ops.ResourceSparseApplyKerasMomentum>,2.15,No CUDA version is mentioned in the issue description.
tensorflow,https://github.com/tensorflow/tensorflow/issues/63697,2024-03-14T05:57:34Z,tf.raw_ops.ResourceApplyProximalAdagrad: Aborted (core dumped),YES,tf.raw_ops.ResourceApplyProximalAdagrad,2.15,No CUDA version is mentioned in the issue description.
tensorflow,https://github.com/tensorflow/tensorflow/issues/63696,2024-03-14T05:55:30Z,tf.raw_ops.ResourceApplyMomentum: Aborted (core dumped),YES,tf.raw_ops.ResourceApplyMomentum,2.15,No CUDA version is mentioned in the issue description.
tensorflow,https://github.com/tensorflow/tensorflow/issues/63693,2024-03-14T05:50:58Z,tf.raw_ops.QuantizeAndDequantizeV3: Aborted (core dumped),YES,tf.raw_ops.QuantizeAndDequantizeV3,2.15,No CUDA version is mentioned in the description.
tensorflow,https://github.com/tensorflow/tensorflow/issues/63691,2024-03-14T05:48:39Z,tf.raw_ops.ExperimentalDatasetToTFRecord: Aborted (core dumped),YES,<tf.raw_ops.ExperimentalDatasetToTFRecord>,2.15,_No response_
tensorflow,https://github.com/tensorflow/tensorflow/issues/63689,2024-03-14T05:41:47Z,tf.raw_ops.DatasetToTFRecord: Aborted (core dumped),YES,<tf.raw_ops.DatasetToTFRecord>,2.15,_No response_
tensorflow,https://github.com/tensorflow/tensorflow/issues/63685,2024-03-14T05:16:01Z,tf.transpose lead to program abortion on a normal value while the perm contains -1 ,YES,"<API Name>
tf.transpose",2.15.0,No CUDA version is mentioned in the provided GitHub issue description.
tensorflow,https://github.com/tensorflow/tensorflow/issues/63643,2024-03-13T19:26:58Z,Incorrect result when using tf.norm to conduct p-norm computation on float16 precision,YES,<tf.norm>,2.15.0,<CUDA version>
tensorflow,https://github.com/tensorflow/tensorflow/issues/63632,2024-03-13T18:29:08Z,How can I exit the XLAControlFlowContext when inside a jit_compile tf.function? Exit() function take no effect.,YES,<tf.function>,2.15,CUDA12.3
tensorflow,https://github.com/tensorflow/tensorflow/issues/63392,2024-03-11T07:27:07Z,conv2d op produces output without nan with nan inputs,YES,tf.cast,2.10.0,12.2
tensorflow,https://github.com/tensorflow/tensorflow/issues/63380,2024-03-10T15:00:49Z,tf.tensor_scatter_nd_add: Aborted (core dumped),YES,tf.tensor_scatter_nd_add,2.15,No CUDA version is mentioned in the description.
tensorflow,https://github.com/tensorflow/tensorflow/issues/63378,2024-03-10T14:57:36Z,tf.raw_ops.TensorScatterSub: Aborted (core dumped),YES,<tf.raw_ops.TensorScatterSub>,2.15,No specific CUDA version is mentioned in the description.
tensorflow,https://github.com/tensorflow/tensorflow/issues/63376,2024-03-10T14:51:07Z,tf.raw_ops.FusedPadConv2D: Aborted (core dumped),YES,<tf.raw_ops.FusedPadConv2D>,2.15,_No response_
tensorflow,https://github.com/tensorflow/tensorflow/issues/63355,2024-03-09T15:03:18Z,core dumped with tf.raw_ops.FakeQuantWithMinMaxVarsPerChannel,YES,tf.raw_ops.FakeQuantWithMinMaxVarsPerChannel,2.15,No CUDA version is mentioned in the description.
tensorflow,https://github.com/tensorflow/tensorflow/issues/63353,2024-03-09T14:54:40Z,Aborted (core dumped) with tf.raw_ops.AvgPoolGrad,YES,tf.raw_ops.AvgPoolGrad,2.15,_No response_
tensorflow,https://github.com/tensorflow/tensorflow/issues/63352,2024-03-09T14:50:26Z,Segmentation fault with tf.raw_ops.AudioSpectrogram,YES,<tf.raw_ops.AudioSpectrogram>,2.15,No CUDA version is mentioned in the description.
tensorflow,https://github.com/tensorflow/tensorflow/issues/63337,2024-03-09T03:15:46Z,Aborted (core dumped) in tf.io.TFRecordWriter,YES,<tf.io.TFRecordWriter>,2.15,_No response_
tensorflow,https://github.com/tensorflow/tensorflow/issues/63271,2024-03-08T08:28:07Z,The result of tf.quantization.fake_quant_with_min_max_args is inconsistent between CPU and GPU,YES,<tf.quantization.fake_quant_with_min_max_args>,2.15,CUDA 12.2
tensorflow,https://github.com/tensorflow/tensorflow/issues/63070,2024-02-27T13:06:46Z,`tf.raw_ops.ArgMax`: Heap buffer overflow,YES,<tf.raw_ops.ArgMax>,2.17,_No response_
tensorflow,https://github.com/tensorflow/tensorflow/issues/63069,2024-02-27T12:44:00Z,"Given Shapes are not Broadcastable, tf to tf-lite conversion error",YES,tf.math.subtract,2.15.0,"The issue description does not mention a specific CUDA version. Therefore, the response is:

<CUDA version>"
tensorflow,https://github.com/tensorflow/tensorflow/issues/63067,2024-02-27T11:12:14Z,`tf.raw_ops.ExtractImagePatches`: Assertion failure in shape inference step,YES,tf.raw_ops.ExtractImagePatches,2.17,_No response_
tensorflow,https://github.com/tensorflow/tensorflow/issues/63063,2024-02-27T10:11:25Z,`tf.raw_ops.ExtractGlimpse`: Assertion failure in shape inference step,YES,<tf.raw_ops.ExtractGlimpse>,2.17,_No response_
tensorflow,https://github.com/tensorflow/tensorflow/issues/63062,2024-02-27T09:52:15Z,`tf.raw_ops.DecodeAndCropJpeg`: Assertion failure in shape inference step,YES,<tf.raw_ops.DecodeAndCropJpeg>,2.17,_No response_
tensorflow,https://github.com/tensorflow/tensorflow/issues/63044,2024-02-24T20:39:20Z,Overlapping window with tf.data.experimental.make_csv_dataset,YES,tf.data.experimental.make_csv_dataset,2.8,<CUDA version>
tensorflow,https://github.com/tensorflow/tensorflow/issues/63034,2024-02-23T13:29:12Z,`tf.raw_ops.AvgPool`: negative kernel size is not checked at shape inference step,YES,<tf.raw_ops.AvgPool>,2.17,_No response_
tensorflow,https://github.com/tensorflow/tensorflow/issues/63033,2024-02-23T13:09:32Z,`tf.raw_ops.ConjugateTranspose`: negative value of `perm` can lead to out-of-bounds read,YES,<tf.raw_ops.ConjugateTranspose>,<tf 2.17>,_No response_
tensorflow,https://github.com/tensorflow/tensorflow/issues/62995,2024-02-20T10:39:53Z,`tf.raw_ops.Transpose` aborts with negative `perm` value,YES,tf.raw_ops.Transpose,2.17,_No response_
tensorflow,https://github.com/tensorflow/tensorflow/issues/62983,2024-02-17T17:48:24Z,`tf.raw_ops.FakeQuantWithMinMaxArgs` aborts when `min>0` in Debug build,YES,"tf.raw_ops.FakeQuantWithMinMaxArgs  
tf.raw_ops.FakeQuantWithMinMaxArgsGradient",2.17,_No response_
tensorflow,https://github.com/tensorflow/tensorflow/issues/62982,2024-02-17T17:39:07Z,`tf.raw_ops.LoopCond` aborts in Debug build,YES,tf.raw_ops.LoopCond,2.17,_No response_
tensorflow,https://github.com/tensorflow/tensorflow/issues/62861,2024-01-29T09:22:38Z,tf.concat (and tf.transpose) inside a for loop with tf.range in the context of a GradientTape while using XLA dosn't work,YES,"<tf.concat>
<tf.transpose>","2.15.0.post1, 2.15.0",12.2
tensorflow,https://github.com/tensorflow/tensorflow/issues/62793,2024-01-15T04:24:51Z,Gradients with tf.math.expm and complex inputs generates casting warning,YES,<tf.linalg.expm>,2.15.0,<CUDA version>
tensorflow,https://github.com/tensorflow/tensorflow/issues/62788,2024-01-13T17:07:04Z,tf.data.Dataset.map() makes unnecessary memory allocations,YES,tf.data.Dataset.map,2.15.0,_No response_
tensorflow,https://github.com/tensorflow/tensorflow/issues/62767,2024-01-09T10:13:42Z,Inconsistencies in Results for `tf.keras.metrics` and `tf.keras.losses`,YES,"<tf.keras.metrics.LogCoshError>
<tf.keras.losses.LogCosh>",2.15,<CUDA version>
tensorflow,https://github.com/tensorflow/tensorflow/issues/62603,2023-12-09T14:54:43Z,Process is aborted (core dumped) when axis is a large negative integer when calling tf.gather ,YES,<tf.gather>,2.16.0,No CUDA version is mentioned in the description.
tensorflow,https://github.com/tensorflow/tensorflow/issues/62571,2023-12-05T08:52:11Z,tf.keras.layers.GlobalAveragePooling2D() freezes tf.distribute.MirroredStrategy(),YES,"<tf.keras.layers.GlobalAveragePooling2D>  
<tf.distribute.MirroredStrategy>  ",2.13.1,CUDA/cuDNN version: No response
tensorflow,https://github.com/tensorflow/tensorflow/issues/62558,2023-12-04T01:46:32Z,Unexpected NaN when invoking apis combination of tf.GradientTape().jacobian and tf.multiply and tf.math.reciprocal,YES,"<tf.GradientTape>
<tf.multiply>
<tf.math.reciprocal>",<Library Version> 2.13,No CUDA version is mentioned in the description.
tensorflow,https://github.com/tensorflow/tensorflow/issues/62528,2023-12-01T16:18:38Z,"Inconsistency in XLA Compiled Model with `tf.add, tf.experimental.numpy.triu, tf.math.reduce_max` and Additional Transpose Output on GPU",YES,"<tf.add>
<tf.experimental.numpy.triu>
<tf.math.reduce_max>",<2.15.0>,12.2
tensorflow,https://github.com/tensorflow/tensorflow/issues/62519,2023-11-30T18:23:14Z,"Inconsistency in XLA Compiled TensorFlow Model with `tf.nn.softmax, tf.math.reduce_sum` with Extra Transposed Output",YES,"<tf.nn.softmax>
<tf.math.reduce_sum>",2.15.0,No CUDA version is mentioned in the description.
tensorflow,https://github.com/tensorflow/tensorflow/issues/62514,2023-11-30T13:59:55Z,"Output Discrepancy in XLA Compiled Models with `tf.divide, tf.math.reduce_prod, and tf.cos` Involving Extra Node",YES,"<tf.divide>
<tf.math.reduce_prod>
<tf.cos>",2.15.0,No CUDA version is mentioned in the issue description.
tensorflow,https://github.com/tensorflow/tensorflow/issues/62510,2023-11-30T11:36:18Z,Output Discrepancy in Mathematically Equivalent Models with`tf.abs` Under XLA Compilation,YES,<tf.abs>,2.15.0,No CUDA version is mentioned in the description.
tensorflow,https://github.com/tensorflow/tensorflow/issues/62509,2023-11-30T09:59:49Z,Significant Output Discrepancies in `tf.math.reduce_prod + tf.tan` with Extra Transposed Tensor Output,YES,"<tf.math.reduce_prod>
<tf.tan>",2.15.0,No specific CUDA version is mentioned in the issue description.
tensorflow,https://github.com/tensorflow/tensorflow/issues/62488,2023-11-27T18:42:58Z,"GPU-Specific Inconsistency in XLA Compiled Model with `tf.nn.atrous_conv2d, tf.cos, and tf.multiply`",YES,"<tf.nn.atrous_conv2d>
<tf.cos>
<tf.multiply>",2.15.0,12.2
tensorflow,https://github.com/tensorflow/tensorflow/issues/62486,2023-11-27T16:30:24Z,Inconsistent Outputs from `tf.nn.astrous_conv2d + tf.round` with XLA compiled model on GPU,YES,"<tf.nn.atrous_conv2d>  
<tf.round>",2.15.0,12.2
tensorflow,https://github.com/tensorflow/tensorflow/issues/62477,2023-11-26T16:09:08Z,Inconsistent Outputs from `tf.nn.conv2d_transpose` on GPU,YES,<tf.nn.conv2d_transpose>,2.15.0,12.2
tensorflow,https://github.com/tensorflow/tensorflow/issues/62451,2023-11-21T15:08:06Z,`tf.linalg.cholesky` Produces Inconsistent Results with Complex and Float Tensors,YES,tf.linalg.cholesky,2.15.0-dev20231005,"The issue description does not explicitly mention a CUDA version. Therefore, based on the provided information, there is no CUDA version referenced in the description."
tensorflow,https://github.com/tensorflow/tensorflow/issues/62399,2023-11-14T23:45:40Z,`tf.math.log` thinks that -103 is -inf,YES,<tf.math.log>,2.12.0,No CUDA version is mentioned in the description.
tensorflow,https://github.com/tensorflow/tensorflow/issues/62391,2023-11-14T07:54:57Z,jit-compiled `tfnp.take_along_axis` shape bug,YES,<tf.experimental.numpy.take_along_axis>,tf_nightly-2.16.0.dev20231113,No CUDA version is mentioned in the description.
tensorflow,https://github.com/tensorflow/tensorflow/issues/62280,2023-10-30T12:59:35Z,Different Behavior of tf.raw_ops.Acos with jit_compile=True,YES,<tf.raw_ops.Acos>,2.14.0,11.8
tensorflow,https://github.com/tensorflow/tensorflow/issues/62263,2023-10-28T02:08:02Z,Different Behavior of tf.raw_ops.SqrtGrad with jit_compile=True,YES,<tf.raw_ops.SqrtGrad>,2.14.0,11.8
tensorflow,https://github.com/tensorflow/tensorflow/issues/62220,2023-10-25T07:04:01Z,Different Behavior of tf.raw_ops.Asinh with jit_compile=True,YES,<tf.raw_ops.Asinh>,2.14.0,11.8
tensorflow,https://github.com/tensorflow/tensorflow/issues/62205,2023-10-24T08:24:07Z,Bug/Problem when ploting the result of `tf.image.resize`. Solution is given to the problem,YES,<tf.image.resize>,<Library Version> 2.13.0,<CUDA version>
tensorflow,https://github.com/tensorflow/tensorflow/issues/62184,2023-10-20T13:29:03Z,core dumped Error with tf.raw_ops.TensorScatterUpdate,YES,tf.raw_ops.TensorScatterUpdate,2.15.0-dev20231005,No CUDA version is mentioned in the description.
tensorflow,https://github.com/tensorflow/tensorflow/issues/62174,2023-10-19T12:34:32Z,tf.map_fn and TensorArray do not seem to support backpropagation,YES,"<tf.map_fn>  
<tf.TensorArray>",tf2.14,<Cuda version>
tensorflow,https://github.com/tensorflow/tensorflow/issues/62169,2023-10-19T06:26:51Z,null pointer dereference in split_v,YES,<tf.split_v>,2.14.0,<Cuda version not mentioned>
tensorflow,https://github.com/tensorflow/tensorflow/issues/62168,2023-10-19T06:23:32Z,null pointer dereference in reduce_prod,YES,<tf.reduce_prod>,2.14.0,<Cuda version>
tensorflow,https://github.com/tensorflow/tensorflow/issues/62167,2023-10-19T06:20:18Z,null pointer dereference in pad,YES,<tf.pad>,2.14.0,<CUDA version>
tensorflow,https://github.com/tensorflow/tensorflow/issues/62166,2023-10-19T06:16:31Z,null pointer dereference in onehot,YES,<tf.onehot>,<tf 2.14.0>,_No response_
tensorflow,https://github.com/tensorflow/tensorflow/issues/62165,2023-10-19T03:28:57Z,null pointer dereference in maximum,YES,<tf.maximum>,2.14.0,_No response_
tensorflow,https://github.com/tensorflow/tensorflow/issues/62164,2023-10-19T03:23:05Z,null pointer dereference in reshape,YES,<tf.reshape>,<tf 2.14.0>,_No response_
tensorflow,https://github.com/tensorflow/tensorflow/issues/62163,2023-10-19T03:18:32Z,null pointer dereference in exp,YES,<tf.exp>,2.14.0,<CUDA version>
tensorflow,https://github.com/tensorflow/tensorflow/issues/62162,2023-10-19T03:12:22Z,null pointer dereference in dequantize,YES,<tf.dequantize>,2.14.0,<CUDA version>
tensorflow,https://github.com/tensorflow/tensorflow/issues/62161,2023-10-19T03:08:24Z,null pointer dereference in densify,YES,<tf.densify>,tf 2.14.0,<No response>
tensorflow,https://github.com/tensorflow/tensorflow/issues/62160,2023-10-19T03:03:34Z,null pointer dereference in squeeze,YES,<tf.squeeze>,2.14.0,<CUDA version>
tensorflow,https://github.com/tensorflow/tensorflow/issues/62146,2023-10-18T05:32:47Z,core dumped with tf.raw_ops.BiasAdd,YES,tf.raw_ops.BiasAdd,v1.12.1-100714-gd8e55c05473 2.15.0-dev20231005,11.8
tensorflow,https://github.com/tensorflow/tensorflow/issues/62070,2023-10-09T08:36:40Z,tf.truncatemod does not support half and bfloat16 data type,YES,<tf.truncatemod>,2.14.0,<CUDA version>
tensorflow,https://github.com/tensorflow/tensorflow/issues/62006,2023-09-28T15:49:30Z,tf.train.Checkpoint.restore does not restore the tf.data.Iterator state.,YES,<tf.train.Checkpoint.restore>,2.13.0,11.8
tensorflow,https://github.com/tensorflow/tensorflow/issues/61916,2023-09-19T13:54:42Z,tf.linalg.cholesky output normal value on a complex64 matrix that is not positive definite.,YES,tf.linalg.cholesky,2.13.0,<No response>
tensorflow,https://github.com/tensorflow/tensorflow/issues/61912,2023-09-19T10:48:34Z,"Randomization generating repeated sequences with `tf.function`, `tf.random.set_seed` and `tf.cond`",YES,"<tf.function>
<tf.random.set_seed>
<tf.cond>
<tf.random.uniform>",2.15.0-dev20230919,No CUDA version is mentioned in the description.
tensorflow,https://github.com/tensorflow/tensorflow/issues/61911,2023-09-19T10:21:44Z,`tf.device` context manager does not restore `cudaCurrentDevice` under some conditions,YES,<tf.device>,2.13,12.0
tensorflow,https://github.com/tensorflow/tensorflow/issues/61907,2023-09-19T05:37:10Z,tf.linalg.cholesky fails on half precision,YES,<tf.linalg.cholesky>,2.13.0,<CUDA version>
tensorflow,https://github.com/tensorflow/tensorflow/issues/61905,2023-09-19T03:52:07Z,FPE in DepthwiseConv2D,YES,<tf.DepthwiseConv2D>,tf 2.14.0,_No response_
tensorflow,https://github.com/tensorflow/tensorflow/issues/61902,2023-09-19T03:35:38Z,FPE in Conv2d,YES,<tf.nn.conv2d>,tf 2.14.0,_No response_
tensorflow,https://github.com/tensorflow/tensorflow/issues/61899,2023-09-18T19:42:59Z,TFLite model cannot slice a zero-dim tensor,YES,"tf.math.top_k  
tf.slice  
tf.lite.TFLiteConverter  
tf.lite.Interpreter  ",2.15.0-dev20230918,The issue description does not mention a specific CUDA version.
tensorflow,https://github.com/tensorflow/tensorflow/issues/61881,2023-09-16T21:02:17Z,XLA compiled `tf.matmul` can work for two size-incompatible matrices,YES,<tf.matmul>,2.15.0-dev20230914,No CUDA version is mentioned in the description.
tensorflow,https://github.com/tensorflow/tensorflow/issues/61879,2023-09-15T23:55:07Z,Invalid `Conv2d` can be executed without compilation,YES,<tf.keras.layers.Conv2D>,2.15.0-dev20230914,No CUDA version is mentioned in the description.
tensorflow,https://github.com/tensorflow/tensorflow/issues/61866,2023-09-14T17:44:28Z,StringLookup / tf.lookup resource cleanup on model cleared,YES,<tf.lookup.StringLookup>,2.12,No CUDA version is mentioned in the description.
tensorflow,https://github.com/tensorflow/tensorflow/issues/61862,2023-09-14T15:39:18Z,Compiled x.shape throws Tuple out-of-range error,YES,<tf.function>,"tf2.13, 2.15.0-dev20230913",No CUDA version is mentioned in the description.
tensorflow,https://github.com/tensorflow/tensorflow/issues/61856,2023-09-13T21:09:29Z,XLA compiled `tf.reshape` throws ValueError: Shape must be rank 1 but is rank 0,YES,<tf.reshape>,"<tf2.13, 2.15.0-dev20230913>",No CUDA version is mentioned in the issue description.
tensorflow,https://github.com/tensorflow/tensorflow/issues/61827,2023-09-10T15:58:12Z,tf.linalg.eigvals outputs UnboundLocalError when receiving a float16 tensor,YES,tf.linalg.eigvals,2.13.0,No CUDA version is mentioned in the description.
tensorflow,https://github.com/tensorflow/tensorflow/issues/61826,2023-09-10T15:54:18Z,"Inconsistent result between tf.linalg.eigvals and numpy/scipy on a (3,3) tensor",YES,<tf.linalg.eigvals>,2.13.0,_No response_
tensorflow,https://github.com/tensorflow/tensorflow/issues/61820,2023-09-09T09:40:31Z,The `mask` dtype should be asserted to be boolean in `tf.compat.v1.boolean_mask` (and `tf.boolean_mask`),YES,"tf.compat.v1.boolean_mask  
tf.boolean_mask",2.14.0-rc1,The issue description does not mention a specific CUDA version.
tensorflow,https://github.com/tensorflow/tensorflow/issues/61815,2023-09-08T14:16:17Z,Wrong answer from tflite model with certain configurations of depthwise conv2d,YES,"<tf.keras.layers.DepthwiseConv2D>  
<tf.lite.TFLiteConverter>  
<tf.lite.Interpreter>  ",2.13.0,<CUDA version>
tensorflow,https://github.com/tensorflow/tensorflow/issues/61800,2023-09-06T11:59:27Z,Incorrect behaviour of `tf.nn.sigmoid` on complex inputs,YES,<tf.nn.sigmoid>,1.12.1-96406-gfa4d29bfef8 2.14.0-dev20230706,No CUDA version is mentioned in the description.
tensorflow,https://github.com/tensorflow/tensorflow/issues/61780,2023-09-03T14:31:11Z,Process aborted when running `tf.gather` and `tf.compat.v1.gather` on GPU with large parameters and indices,YES,"<tf.gather>
<tf.compat.v1.gather>",2.14.0-rc1,"The issue description does not explicitly mention a specific CUDA version. Therefore, the CUDA version referenced in the description is:

<No response>"
tensorflow,https://github.com/tensorflow/tensorflow/issues/61778,2023-09-03T14:26:52Z,Process aborted when running `tf.keras.layers.MaxPooling1D` on GPU with large `pool_size`,YES,"tf.keras.layers.MaxPooling1D
tf.compat.v1.layers.MaxPooling1D
tf.compat.v1.keras.layers.MaxPooling1D",2.14.0-rc1,8600
tensorflow,https://github.com/tensorflow/tensorflow/issues/61736,2023-08-28T22:43:16Z,tf.data.Dataset.save deadlocks on error ,YES,<API Name> tf.data.Dataset.save,2.13.0,The issue description does not mention a specific CUDA version.
tensorflow,https://github.com/tensorflow/tensorflow/issues/61708,2023-08-26T06:08:07Z,Null pointer exception in constant folding of grappler.,YES,"<tf.GraphDef>  
<tf.NodeDef>  
<tf.ConstantFolding>  
<tf.GraphProperties>  
<tf.NodeDefT>",2.13.0,No CUDA version is mentioned in the description.
tensorflow,https://github.com/tensorflow/tensorflow/issues/61701,2023-08-25T18:38:43Z,tf.math.top_k gradient taping fails when `index_type=tf.int64`,YES,<tf.math.top_k>,2.13.0,cuda_11.8.r11.8
tensorflow,https://github.com/tensorflow/tensorflow/issues/61662,2023-08-21T23:40:13Z,Ops listed in 'experimental_select_user_tf_ops' not being recognized by tf lite converter,YES,"<tf.lite.TFLiteConverter>
<tf.lite.TargetSpec>
<tf.RandomUniform>
<tf.Mul>",<Library Version> 2.10.0,"The issue description provided does not mention any specific CUDA version. Therefore, there is no CUDA version referenced in the description."
tensorflow,https://github.com/tensorflow/tensorflow/issues/61652,2023-08-21T04:27:24Z,Check failed when running tensorflow.python.ops.gen_nn_ops.max_pool_grad_with_argmax (colab+local),YES,tf.gen_nn_ops.max_pool_grad_with_argmax,2.13.0,11.8.0
tensorflow,https://github.com/tensorflow/tensorflow/issues/61643,2023-08-19T02:33:17Z,Check failure when running tf.keras.layers.RepeatVector,YES,tf.keras.layers.RepeatVector,2.13.0,<CUDA version>
tensorflow,https://github.com/tensorflow/tensorflow/issues/61642,2023-08-19T02:28:18Z,Check failure when running tf.compat.v1.layers.MaxPooling1D,YES,tf.compat.v1.layers.MaxPooling1D,2.13.0,<CUDA version>
tensorflow,https://github.com/tensorflow/tensorflow/issues/61639,2023-08-18T13:55:11Z,Softmax overflow issue with a large tensor,YES,tf.math.softmax,2.14.0 dev20230706,11.8
tensorflow,https://github.com/tensorflow/tensorflow/issues/61571,2023-08-15T01:27:36Z,Crash when running tensorflow.python.framework.importer._PopulateTFImportGraphDefOptions,YES,<tf.importer._PopulateTFImportGraphDefOptions>,2.13.0,11.8.0
tensorflow,https://github.com/tensorflow/tensorflow/issues/61570,2023-08-15T01:25:50Z,Crash when running tensorflow.python.framework.importer._GatherReturnElements,YES,<tf.python.framework.importer._GatherReturnElements>,2.13.0,11.8.0
tensorflow,https://github.com/tensorflow/tensorflow/issues/61562,2023-08-14T23:10:46Z,Floating point exception when running tensorflow.python.ops.gen_array_ops.depth_to_space,YES,<tf.python.ops.gen_array_ops.depth_to_space>,2.13.0,11.8.0
tensorflow,https://github.com/tensorflow/tensorflow/issues/61557,2023-08-14T22:16:47Z,Crash when running tensorflow.python.ops.list_ops.tensor_list_from_tensor,YES,<tf.python.ops.list_ops.tensor_list_from_tensor>,2.13.0,11.8.0
tensorflow,https://github.com/tensorflow/tensorflow/issues/61538,2023-08-13T04:11:20Z,tensorflow.python.autograph.operators.data_structures.tf_tensor_list_new,YES,<tf.tensor_list_new>,2.13.0,11.8.0
tensorflow,https://github.com/tensorflow/tensorflow/issues/61482,2023-08-04T22:24:18Z,Incorrect tf.nn.max_pool2d outputs for NCHW and NHWC in the same thread.,YES,<tf.nn.max_pool2d>,2.13,_No response_
tensorflow,https://github.com/tensorflow/tensorflow/issues/61449,2023-08-02T09:01:20Z,tf.compat.v1.train.MonitoredTrainingSession failed to restore checkpoint_dir variables from s3,YES,tf.compat.v1.train.MonitoredTrainingSession,2.7.0,11.2
tensorflow,https://github.com/tensorflow/tensorflow/issues/61364,2023-07-24T14:39:54Z,tf.io.gfile.rename not working for directories in S3,YES,tf.io.gfile.rename,2.12,No CUDA version is mentioned in the description.
tensorflow,https://github.com/tensorflow/tensorflow/issues/61249,2023-07-12T05:06:25Z,tf.linalg.logdet outputs -inf on a matrix with complex data type,YES,<tf.linalg.logdet>,2.13.0,No CUDA version is mentioned in the description.
tensorflow,https://github.com/tensorflow/tensorflow/issues/61246,2023-07-11T16:05:56Z,tf.image.adjust_contrast fails on the tf.half data type,YES,tf.image.adjust_contrast,2.13.0,No CUDA version is mentioned in the description.
tensorflow,https://github.com/tensorflow/tensorflow/issues/61117,2023-06-28T16:17:39Z,`tf.math.reduce_prod` produces wrong second-order gradient,YES,<tf.math.reduce_prod>,2.14.0-dev20230628,No CUDA version is mentioned in the description.
tensorflow,https://github.com/tensorflow/tensorflow/issues/61084,2023-06-26T19:39:17Z,tf.data.Dataset prefetch not fetching data asynchronously,YES,<tf.data.Dataset>,2.11,No CUDA version is mentioned in the description.
tensorflow,https://github.com/tensorflow/tensorflow/issues/60861,2023-06-14T14:21:08Z,tf.data debug mode breaks dataset.save(),YES,"<tf.data.experimental.enable_debug_mode>
<tf.data.Dataset.save>",2.13.0rc0,No specific CUDA version is mentioned in the issue description.
tensorflow,https://github.com/tensorflow/tensorflow/issues/60813,2023-06-08T10:16:56Z,"tf.keras.Model.predict passing x=tf.keras.utils.Sequence causing exceptions  ValueError: Data is expected to be in format `x`, `(x,)`, `(x, y)`, or `(x, y, sample_weight)`",YES,<tf.keras.Model.predict>,<Library Version>2.12.0</Library Version>,No CUDA version is mentioned in the description.
tensorflow,https://github.com/tensorflow/tensorflow/issues/60772,2023-06-03T18:23:30Z,Inefficient count_nonzero,YES,<tf.math.count_nonzero>,2.12,No CUDA version is mentioned in the description.
tensorflow,https://github.com/tensorflow/tensorflow/issues/60765,2023-06-02T10:59:11Z,Inconsistency-bug in `tf.raw_ops.AddN` between jit mode and normal mode,YES,tf.raw_ops.AddN,2.14.0,<CUDA version>
tensorflow,https://github.com/tensorflow/tensorflow/issues/60764,2023-06-02T10:50:29Z,Inconsistency-bug in `tf.raw_ops.Acos` between jit mode and normal mode,YES,<tf.raw_ops.Acos>,2.14.0,<CUDA version>
tensorflow,https://github.com/tensorflow/tensorflow/issues/60759,2023-06-02T03:48:27Z,Check fail can be triggered in `tf.raw_ops.Empty` under jit compile mode.,YES,<tf.raw_ops.Empty>,2.14.0,There is no CUDA version mentioned in the description provided.
tensorflow,https://github.com/tensorflow/tensorflow/issues/60758,2023-06-02T03:41:51Z,Check fail can be triggered in `tf.raw_ops.EmptyTensorList` due to overflow under jit compile mode.,YES,<tf.raw_ops.EmptyTensorList>,2.14.0,No specific CUDA version is mentioned in the issue description.
tensorflow,https://github.com/tensorflow/tensorflow/issues/60757,2023-06-02T03:22:05Z,Check fail can be triggered in `tf.raw_ops.Fill` under jit compile mode.,YES,<tf.raw_ops.Fill>,2.14.0,No CUDA version is mentioned in the description.
tensorflow,https://github.com/tensorflow/tensorflow/issues/60756,2023-06-02T03:14:31Z,Check fail can be triggered in `tf.raw_ops.GatherV2` under jit compile mode.,YES,<tf.raw_ops.GatherV2>,2.14.0,<No response>
tensorflow,https://github.com/tensorflow/tensorflow/issues/60715,2023-05-26T17:59:07Z,Incorrect gradient in divide_no_nan and reciprocal_no_nan when divide by 0,YES,"tf.math.divide_no_nan  
tf.math.reciprocal_no_nan  
tf.test.compute_gradient",tf-nightly,No CUDA version is mentioned in the description.
tensorflow,https://github.com/tensorflow/tensorflow/issues/60714,2023-05-26T17:33:07Z,`tf.split` or `tf.transpose` cause errors for quantize-aware training with `quantize_apply`,YES,"<tf.split>
<tf.transpose>",2.7 & 2.12,No specific CUDA version is mentioned in the issue description.
tensorflow,https://github.com/tensorflow/tensorflow/issues/60599,2023-05-15T14:54:49Z,Weird memory usage of shuffling in `tf.data.Dataset` ,YES,<tf.data.Dataset>,tf 2.12,No CUDA version is mentioned in the description.
tensorflow,https://github.com/tensorflow/tensorflow/issues/60583,2023-05-12T10:16:39Z,rejection_resample loses track of ragged tensors,YES,<API Name> tf.data.Dataset.rejection_resample,2.14.0-dev20230512,No response
tensorflow,https://github.com/tensorflow/tensorflow/issues/60549,2023-05-09T20:14:39Z,Large inconsistencies in tf.signal.stft's and tf.signal.inverse_stft's results with @tf.function decorator for certain inputs,YES,"<tf.signal.stft>
<tf.signal.inverse_stft>",2.14.0-dev20230509,N/A
tensorflow,https://github.com/tensorflow/tensorflow/issues/60547,2023-05-09T19:42:32Z,tf.linalg.matrix_rank  results has different results with or without @tf.function for numpy inputs under tensorflow-cpu,YES,<tf.linalg.matrix_rank>,2.14.0-dev20230509,N/A
tensorflow,https://github.com/tensorflow/tensorflow/issues/60472,2023-05-02T16:34:56Z,"XLA size-inference integration bug (tf.where, tf.TensorArray, slice, loop)",YES,"<tf.where>  
<tf.size>  
<tf.repeat>  
<tf.TensorArray>  ",2.14.0.dev20230502,No specific CUDA version is mentioned in the issue description.
tensorflow,https://github.com/tensorflow/tensorflow/issues/60406,2023-04-24T04:07:40Z,"The dim size of inferred shape in GraphProperties is less than -1, which is inconsistent with TensorShapeProto",YES,"<tf.GraphProperties>  
<tf.TensorShapeProto>  
<tf.TensorShapeProto::Dim>  
<tf.InferenceContext>  
<tf.ShapeIsSymbolicallyDefined>  
<tf.ShapesSymbolicallyEqual>  
<tf.IsUnknown>  ",2.12.0,_No response_
tensorflow,https://github.com/tensorflow/tensorflow/issues/60400,2023-04-22T18:30:48Z,The inferred shape of `tf.RaggedTensor.row_lengths(axis=2)` in Keras graph is incorrect for ragged tensor with uniform row lengths,YES,tf.RaggedTensor.row_lengths,"TF 2.12, TF nightly 2.13.0-dev20230420",No CUDA version is mentioned in the issue description.
tensorflow,https://github.com/tensorflow/tensorflow/issues/60239,2023-04-05T10:26:05Z,"In tf.data.experimental.enable_debug_mode, tf.data.Dataset.ragged_batch fails with an error",YES,"<tf.data.experimental.enable_debug_mode>
<tf.data.Dataset.ragged_batch>","TF 2.12.0, TF nightly 2.13.0-dev20230404",<CUDA version>
tensorflow,https://github.com/tensorflow/tensorflow/issues/60200,2023-04-01T08:36:16Z,A check fail can be triggered in ThreadUnsafeUnigramCandidateSampler,YES,<tf.raw_ops.ThreadUnsafeUnigramCandidateSampler>,2.13.0-dev20230331,CUDA 11.8
tensorflow,https://github.com/tensorflow/tensorflow/issues/60197,2023-04-01T08:23:48Z,A check fail can be triggered in LearnedUnigramCandidateSampler,YES,<tf.raw_ops.LearnedUnigramCandidateSampler>,2.13.0-dev20230331,CUDA 11.8
tensorflow,https://github.com/tensorflow/tensorflow/issues/60196,2023-04-01T08:21:17Z,A check fail can be triggered in StatelessRandomGammaV2,YES,<tf.raw_ops.StatelessRandomGammaV2>,2.13.0-dev20230331,CUDA 11.8
tensorflow,https://github.com/tensorflow/tensorflow/issues/60149,2023-03-28T17:06:53Z,tf.data.Dataset.from_generator crashes with abortion,YES,<tf.data.Dataset.from_generator>,2.13.0-dev20230208,No CUDA version is mentioned in the description.
tensorflow,https://github.com/tensorflow/tensorflow/issues/60121,2023-03-27T02:53:54Z,tf.raw_ops.AssignAddVariableOp  crash with abortion,YES,<tf.raw_ops.AssignAddVariableOp>,2.13.0-dev20230208,No CUDA version is mentioned in the issue description.
tensorflow,https://github.com/tensorflow/tensorflow/issues/60084,2023-03-23T16:02:58Z,tf.py_function throws KeyError when computing Jacobian matrix,YES,<tf.py_function>,2.11,There is no specific CUDA version mentioned in the provided GitHub issue description.
tensorflow,https://github.com/tensorflow/tensorflow/issues/60059,2023-03-22T00:32:52Z,QuantizeAndDequantizeV4 throws TypeError in gradient computation in forward mode,YES,<tf.raw_ops.QuantizeAndDequantizeV4>,2.11,No CUDA version is mentioned in the description.
tensorflow,https://github.com/tensorflow/tensorflow/issues/59960,2023-03-12T01:12:14Z,quantize_and_dequantize_v2 crashes when computing gradients in forward mode,YES,<tf.quantization.quantize_and_dequantize_v2>,2.11,"The issue description does not mention a specific CUDA version. Therefore, there is no CUDA version referenced in the description."
tensorflow,https://github.com/tensorflow/tensorflow/issues/59772,2023-02-22T09:20:16Z,DepthwiseConv2D is 24 times slower then Conv2D with CUDA 11.8 and jit_compile=True,YES,"<tf.DepthwiseConv2D>  
<tf.Conv2D>",2.13.0,12.0
tensorflow,https://github.com/tensorflow/tensorflow/issues/59727,2023-02-17T16:11:20Z,RaggedTensor slice gradient computation error,YES,<tf.RaggedTensor>,2.10,No CUDA version is mentioned in the description.
tensorflow,https://github.com/tensorflow/tensorflow/issues/59702,2023-02-15T20:59:06Z,tf.cast behaves differently in CPU and GPU when casting negative values,YES,<tf.cast>,2.13.0.dev20230204,No CUDA version is mentioned in the issue description.
tensorflow,https://github.com/tensorflow/tensorflow/issues/59635,2023-02-10T07:31:14Z,Non deterministic random numbers generated in Eager and Graph mode,YES,<tf.random.uniform>,2.11.0,No CUDA version is mentioned in the issue description.
tensorflow,https://github.com/tensorflow/tensorflow/issues/59525,2023-02-02T11:20:23Z,"ConvertFusedBatchNorm returns uninitialized value when data_format = ""NDHWC""",YES,<tf.convert_fused_batch_norm>,v1.12.1-88697-g620bee79ab3 2.12.0-dev20230201,CUDA-11.8
tensorflow,https://github.com/tensorflow/tensorflow/issues/59474,2023-01-27T13:53:28Z,Conditional padding issue with jit_compile=True,YES,<tf.cond>,<Library Version> 2.9.2,<CUDA version>
tensorflow,https://github.com/tensorflow/tensorflow/issues/59099,2023-01-04T20:44:47Z,TensorListScatterV2 fail to support gradient computation,YES,<tf.raw_ops.TensorListScatterV2>,"tf2.11, tf2.12.0-dev20230104",No CUDA version is mentioned in the description.
tensorflow,https://github.com/tensorflow/tensorflow/issues/58790,2022-12-05T23:37:00Z,tf.math.cumsum() propagates Inf or NaN when axis is ragged,YES,<tf.math.cumsum>,tf 2.11,CUDA 11.7
tensorflow,https://github.com/tensorflow/tensorflow/issues/58628,2022-11-21T06:35:21Z,tf.distribute.experimental.rpc.Server memory leak on server,YES,<tf.distribute.experimental.rpc.Server>,tf 2.11,11.2
tensorflow,https://github.com/tensorflow/tensorflow/issues/58523,2022-11-10T17:21:48Z,`tf.linalg.pinv` produces all-zero matrix instead of all-`nan` matrix when given `nan` input on GPU,YES,<tf.linalg.pinv>,2.10.0,11.3
tensorflow,https://github.com/tensorflow/tensorflow/issues/58517,2022-11-10T10:03:17Z,`tf.round` on GPU rounds `-0.5` to `0.0` rather than `-0.0`,YES,<tf.round>,2.10.0,11.3
tensorflow,https://github.com/tensorflow/tensorflow/issues/58489,2022-11-09T09:34:34Z,`tf.exp` on GPU behaves differently from CPU and numpy when a complex input overflows,YES,<tf.exp>,2.9.2,11.2.152
tensorflow,https://github.com/tensorflow/tensorflow/issues/58445,2022-11-04T07:52:09Z,`tf.random.stateless_categorical` produces inconsistent results on CPU/GPU,YES,<tf.random.stateless_categorical>,2.9.2,11.2.152
tensorflow,https://github.com/tensorflow/tensorflow/issues/58319,2022-10-26T11:59:12Z,Random.stateless_binomial is not available on GPU,YES,<tf.random.binomial>,2.10,cuda11/cudnn8
tensorflow,https://github.com/tensorflow/tensorflow/issues/58290,2022-10-25T02:56:12Z,`tf.data.experimental.CsvDataset` cause IOT instruction crash,YES,<tf.data.experimental.CsvDataset>,"2.10, tf-nightly",No CUDA version is mentioned in the description.
tensorflow,https://github.com/tensorflow/tensorflow/issues/57935,2022-10-01T21:59:46Z,Wrong result in `tf.experimental.numpy.floor_divide` and `tf.experimental.numpy.remainder` when divide 0 by 0,YES,"<tf.experimental.numpy.floor_divide>
<tf.experimental.numpy.remainder>",2.11.0-dev20221001,No specific CUDA version is mentioned in the description.
tensorflow,https://github.com/tensorflow/tensorflow/issues/57863,2022-09-27T13:47:04Z,`tf.experimental.numpy.isposinf` has wrong output when input is integer.,YES,<tf.experimental.numpy.isposinf>,tf 2.10,"The issue description does not explicitly mention a specific CUDA version. Therefore, it can be concluded that the CUDA version is not referenced in the provided text."
tensorflow,https://github.com/tensorflow/tensorflow/issues/57847,2022-09-26T21:34:20Z,Custom Op failure due to Status symbol resolution in docker image tensorflow/tensorflow:2.10.0,YES,<tf.load_op_library>,2.10.0,<CUDA version>
tensorflow,https://github.com/tensorflow/tensorflow/issues/57838,2022-09-26T03:32:38Z,Conv2D layer fails to run with XLA on CUDA,YES,<tf.layers.Conv2D>,"2.11.0.dev20220921, 2.8.2","The issue description does not explicitly mention a specific CUDA version. Therefore, no CUDA version can be identified from the provided text."
tensorflow,https://github.com/tensorflow/tensorflow/issues/57833,2022-09-24T20:34:30Z,"Error getting persistent gradients from model converted from tf1 to tf2 with tfa.seq2seq layers: ""'NoneType' object has no attribute 'outer_context'""",YES,"<tf.GradientTape>
<tf.compat.v1.nn.rnn_cell.LSTMCell>
<tf.compat.v1.one_hot>
<tf.compat.v1.layers.Dense>
<tf.compat.v1.placeholder>
<tf.compat.v1.Session>
<tf.compat.v1.saved_model.Builder>
<tf.compat.v1.global_variables_initializer>
<tf.compat.v1.local_variables_initializer>
<tf.compat.v1.tables_initializer>
<tf.compat.v1.saved_model.predict_signature_def>
<tf.saved_model.DEFAULT_SERVING_SIGNATURE_DEF_KEY>
<tf.compat.v1.disable_eager_execution>
<tf.compat.v1.disable_v2_behavior>
<tf.saved_model.load>
<tf.compat.v1.fill>
<tfa.seq2seq.BahdanauAttention>
<tfa.seq2seq.AttentionWrapper>
<tfa.seq2seq.GreedyEmbeddingSampler>
<tfa.seq2seq.BasicDecoder>
<tfa.seq2seq.dynamic_decode>",2.10,None
tensorflow,https://github.com/tensorflow/tensorflow/issues/57751,2022-09-19T16:48:39Z,Wrong shape broadcasting during tensor equal check,YES,<API Name> tf.experimental.numpy.isreal,2.11.0-dev20220919,There is no specific CUDA version mentioned in the issue description.
tensorflow,https://github.com/tensorflow/tensorflow/issues/57748,2022-09-19T11:24:41Z, Conv2D with XLA jit_compile=True fails to run,YES,<tf.function>,2.11.0.dev20220914,"The issue description does not explicitly mention a specific CUDA version. However, it references the loaded cuDNN version as 8100. Typically, cuDNN version 8.1.0 is compatible with CUDA 11.x. 

To summarize, the CUDA version is not directly stated, but cuDNN 8100 suggests compatibility with a CUDA version around 11.x.

If you need an explicit CUDA version based on the cuDNN version mentioned, it would generally be inferred as:

CUDA 11.x"
tensorflow,https://github.com/tensorflow/tensorflow/issues/57705,2022-09-15T01:54:42Z,"Compute jacobian for `tf.image.rot90` throws error ""Encountered an exception while vectorizing the jacobian computation""",YES,<API Name> tf.image.rot90,tf-nightly,No CUDA version is mentioned in the issue description.
tensorflow,https://github.com/tensorflow/tensorflow/issues/57682,2022-09-13T16:30:07Z,tf.profiler.experimental.ProfilerOptions.delay_ms does not work,YES,"<tf.profiler.experimental.ProfilerOptions>  
<tf.profiler.experimental.client.trace>",2.9.1,No CUDA version is mentioned in the description.
tensorflow,https://github.com/tensorflow/tensorflow/issues/57664,2022-09-11T09:08:08Z,Inconsistant behavior of Conv2D between eager mode and tracing,YES,tf.layers.Conv2D,2.11.0-dev20220910,<CUDA version>
tensorflow,https://github.com/tensorflow/tensorflow/issues/57535,2022-08-30T16:13:05Z,Forward gradient does not support `axis=[0]` for `tf.concat`,YES,<tf.concat>,2.9.1,No CUDA version is mentioned in the issue description.
tensorflow,https://github.com/tensorflow/tensorflow/issues/57526,2022-08-30T12:42:08Z,"When input is a tensor, the 'axis' is not type checked in tf.concat",YES,<tf.concat>,TF2.8,No CUDA version is mentioned in the issue description.
tensorflow,https://github.com/tensorflow/tensorflow/issues/57492,2022-08-29T02:01:08Z,Tensor size-related conditional logic ignored in `tf.function`,YES,"<tf.function>  
<tf.size>  
<tf.tensor_scatter_nd_update>  
<tf.convert_to_tensor>  
<tf.shape>  
<tf.concat>  
<tf.range>  
<tf.newaxis>  ",v2.9.0-18-gd8ce9f9c301,_CUDA version_
tensorflow,https://github.com/tensorflow/tensorflow/issues/57488,2022-08-28T20:35:21Z,`tf.raw_ops.UnicodeDecodeWithOffsets` crashes,YES,<tf.raw_ops.UnicodeDecodeWithOffsets>,2.9,_No response_
tensorflow,https://github.com/tensorflow/tensorflow/issues/57486,2022-08-28T18:50:42Z,`tf.linalg.sqrtm` crashes when computing gradient for empty input,YES,tf.linalg.sqrtm,2.9.1,No CUDA version is mentioned in the description.
tensorflow,https://github.com/tensorflow/tensorflow/issues/57365,2022-08-22T13:35:38Z,[BUG] Gradient tape *inside* tf.function broken for tf.Variable argument.,YES,"<tf.function>  
<tf.Variable>  
<tf.GradientTape>  ","tf 2.7, 2.9, nightly",The description does not mention a specific CUDA version.
tensorflow,https://github.com/tensorflow/tensorflow/issues/57343,2022-08-19T23:11:18Z,Computing `jacobian` or `batch_jacobian` with `experimental_pfor=True` errors when loading a `tf.saved_model` that uses an LSTM layer,YES,"<tf.GradientTape.jacobian>
<tf.GradientTape.batch_jacobian>",2.8.2,No CUDA version is mentioned in the description.
tensorflow,https://github.com/tensorflow/tensorflow/issues/57128,2022-08-12T12:19:57Z,Incorrect output shape when using dilations and strides > 1 with depthwise conv,YES,<tf.keras.layers.DepthwiseConv2D>,2.4.0,11.0
tensorflow,https://github.com/tensorflow/tensorflow/issues/56974,2022-08-01T21:32:59Z,tf.lookup.StaticHashTable with TextFileInitializer uses a cached version of the file even after the file is changed,YES,"tf.lookup.StaticHashTable
tf.lookup.TextFileInitializer",2.8.2,No CUDA version is mentioned in the issue description.
tensorflow,https://github.com/tensorflow/tensorflow/issues/56885,2022-07-25T04:13:57Z,collective_ops.all_reduce_v2 with ordering_token does not work correctly,YES,<tf.collective_ops.all_reduce_v2>,tf 2.5 or tf 2.8,<No response>
tensorflow,https://github.com/tensorflow/tensorflow/issues/56849,2022-07-21T13:10:13Z,Inconsistent results from `tf.raw_ops.LRNGrad` between CPU and GPU,YES,<tf.raw_ops.LRNGrad>,2.10.0,11.2
tensorflow,https://github.com/tensorflow/tensorflow/issues/56842,2022-07-20T15:11:41Z,Wrong gradient in forward mode auto differentiation for `tf.random.stateless_parameterized_truncated_normal`,YES,<tf.random.stateless_parameterized_truncated_normal>,tf 2.9,<No response>
tensorflow,https://github.com/tensorflow/tensorflow/issues/56833,2022-07-20T07:20:12Z,"Forward AD threw error in `tf.autodiff.ForwardAccumulator` for `tf.keras.layers.MaxPooling3D`, but backward AD succeeded with same input",YES,"<tf.autodiff.ForwardAccumulator>
<tf.keras.layers.MaxPooling3D>
<tf.keras.layers.AveragePooling2D>
<tf.keras.layers.AveragePooling3D>",2.9,<CUDA version>
tensorflow,https://github.com/tensorflow/tensorflow/issues/56769,2022-07-14T11:52:15Z,[XLA] Bincount dynamic output size in a loop,YES,<tf.math.bincount>,master,No CUDA version is mentioned in the description.
tensorflow,https://github.com/tensorflow/tensorflow/issues/56752,2022-07-13T10:46:28Z,tensorflow jit_compile=True threads leak,YES,tf.distribute.MirroredStrategy,2.9,No CUDA version is mentioned in the description.
tensorflow,https://github.com/tensorflow/tensorflow/issues/56749,2022-07-13T07:06:45Z,tensorflow_ranking.keras.losses.ListMLELoss() gives -inf ,YES,"<tf.keras.losses.ListMLELoss>  
<tf.keras.metrics.NDCGMetric>",2.9.1,510.68.2
tensorflow,https://github.com/tensorflow/tensorflow/issues/56693,2022-07-07T01:12:11Z,Bug in tf.test.compute_gradient for tf.keras.losses.categorical_hinge,YES,<tf.test.compute_gradient>,<tf 2.9>,No CUDA version is mentioned in the issue description.
tensorflow,https://github.com/tensorflow/tensorflow/issues/56628,2022-06-29T20:41:21Z,gradient computation throws InvalidArgumentError in `tf.gather_nd` ,YES,<tf.gather_nd>,2.8,No CUDA version is mentioned in the description.
tensorflow,https://github.com/tensorflow/tensorflow/issues/56624,2022-06-29T13:52:31Z,Memory leak when using the optimizer iterations in `tf.data.Dataset`,YES,"<tf.data.Dataset> 
<tf.keras.optimizers.Optimizer> 
<tf.keras.optimizers.Adam> 
<tf.data.Dataset.filter> 
<tf.data.Dataset.from_generator> 
<tf.data.Dataset.shuffle> 
<tf.data.Dataset.repeat> 
<tf.data.Dataset.padded_batch> 
<tf.data.Dataset.map> 
<tf.data.Dataset.prefetch> 
<tf.keras.callbacks.Callback> 
<tf.keras.callbacks.TensorBoard> 
<tf.keras.callbacks.MemoryProfilingCallback> 
<tf.config.list_physical_devices> 
<tf.config.experimental.get_memory_info> 
<tf.cast> 
<tf.floor> 
<tf.TensorSpec> 
<tf.summary.scalar> ",2.9.1,No CUDA version is mentioned in the provided issue description.
tensorflow,https://github.com/tensorflow/tensorflow/issues/56619,2022-06-29T08:45:57Z,Gradient computation through tf.linalg.eigh does not work with complex-valued input in XLA,YES,<tf.linalg.eigh>,2.9.1,No CUDA version is mentioned in the issue description.
tensorflow,https://github.com/tensorflow/tensorflow/issues/56563,2022-06-24T11:24:52Z,"`tf.reduce_mean` returns wrong results for certain 4D tensor sizes, reductions and distributions",YES,<tf.reduce_mean>,"2.8.2, 2.9.1",No specific CUDA version is mentioned in the description.
tensorflow,https://github.com/tensorflow/tensorflow/issues/56543,2022-06-23T05:18:19Z,"EmitIRForReduction fails with ""Check failed: !reductions.empty()...""",YES,<tf.compiler.xla.service.gpu.ir_emitter_unnested>,2.9,<CUDA version>
tensorflow,https://github.com/tensorflow/tensorflow/issues/56539,2022-06-22T16:12:19Z,"Masking tensor with boolean vector raises an error, while tf.boolean_mask works",YES,<tf.boolean_mask>,2.9.1,No CUDA version is mentioned in the description provided.
tensorflow,https://github.com/tensorflow/tensorflow/issues/56177,2022-05-20T04:03:31Z,Memory Leak with Tensorflow Experimental Save,YES,tf.data.experimental.save,2.8,There is no CUDA version mentioned in the provided GitHub issue description.
tensorflow,https://github.com/tensorflow/tensorflow/issues/56094,2022-05-13T07:24:11Z,'tf.FakeQuantWithMinMaxVarsPerChannel' op : illegal op still exists,YES,<tf.FakeQuantWithMinMaxVarsPerChannel>,tf2.8,No CUDA version is mentioned in the issue description.
tensorflow,https://github.com/tensorflow/tensorflow/issues/55789,2022-04-28T13:00:16Z,tf.make_tensor_proto() does not respect byte order of numpy input array,YES,<tf.make_tensor_proto>,2.8,There is no CUDA version mentioned in the issue description.
tensorflow,https://github.com/tensorflow/tensorflow/issues/55328,2022-03-22T14:31:39Z,tf.nn.ctc_loss behaviour changes depending on whether dense or sparse labels are provided,YES,tf.nn.ctc_loss,2.6.0,"The issue description does not mention any specific CUDA version. Therefore, there is no CUDA version referenced in the description."
tensorflow,https://github.com/tensorflow/tensorflow/issues/55296,2022-03-19T11:51:51Z,Upstream Gradient of variables in tf.custom_gradient is (unexpectedly and seemingly generally) zero,YES,tf.custom_gradient,TF 2.8,"The description does not mention any specific CUDA version. Therefore, there is no CUDA version referenced in the issue description."
tensorflow,https://github.com/tensorflow/tensorflow/issues/55243,2022-03-15T17:10:52Z,tf.random.poisson hangs on nan input,YES,tf.random.poisson,v2.8.0-0-g3f878cff5b6,"The issue description does not explicitly mention a CUDA version. Therefore, there is no CUDA version referenced in the provided text."
tensorflow,https://github.com/tensorflow/tensorflow/issues/55217,2022-03-13T22:14:42Z,`tf.experimental.numpy.stack` should check out-of-bound `axis` ,YES,tf.experimental.numpy.stack,2.7.0,N/A
tensorflow,https://github.com/tensorflow/tensorflow/issues/55203,2022-03-11T16:24:17Z,`tf.gather_nd` and `tf.gather` have inconsistent type check for `batch_dims`,YES,"tf.gather_nd
tf.gather",2.8.0,N/A
tensorflow,https://github.com/tensorflow/tensorflow/issues/55201,2022-03-11T14:24:10Z,Encounter Abort(core dump) in ClipOpsTest when changing shapes,YES,<tf.clip_by_norm>,"2.5.0, 2.6.0, 2.7.0, 2.8.0","The issue description does not explicitly mention any CUDA version. Therefore, there is no CUDA version referenced in the description."
tensorflow,https://github.com/tensorflow/tensorflow/issues/55138,2022-03-08T12:20:50Z,tf.image.adjust_jpeg_quality gives unexpected result,YES,tf.image.adjust_jpeg_quality,2.7,11
tensorflow,https://github.com/tensorflow/tensorflow/issues/54969,2022-03-04T04:52:58Z,tf.distribute.experimental.CentralStorageStrategy does not work with tf.keras.layers.Discretization,YES,"tf.distribute.experimental.CentralStorageStrategy  
tf.keras.layers.Discretization  
TFRecordDataset",v2.8.0-rc1-32-g3f878cff5b6 2.8.0,CUDA 11.2
tensorflow,https://github.com/tensorflow/tensorflow/issues/54923,2022-03-03T15:30:12Z,Calling `tf.random.set_seed` with invalid seed breaks the Context!,YES,<tf.random.set_seed>,2.7.0,N/A
tensorflow,https://github.com/tensorflow/tensorflow/issues/54470,2022-02-21T08:39:12Z,`parallel_iterations` in `tf.map_fn` has no effect,YES,<tf.map_fn>,v2.8.0-rc1-32-g3f878cff5b6 2.8.0,11.2
tensorflow,https://github.com/tensorflow/tensorflow/issues/54456,2022-02-19T13:03:24Z,Performance of nn.conv1d and keras.layers.Conv1D is low the first time any given input size is processed even if retracing is prevented! ,YES,<tf.nn.conv1d>,"2.4, 2.6, 2.8",Cuda Toolkit 11.3.1
tensorflow,https://github.com/tensorflow/tensorflow/issues/54414,2022-02-17T02:44:21Z,`tf.clip_by_norm` gives WRONG results when given negative `norm`,YES,tf.clip_by_norm,2.7.0,N/A
tensorflow,https://github.com/tensorflow/tensorflow/issues/54386,2022-02-15T09:43:09Z,tf.function with jit_compile runs on CPU when there is GPU,YES,<tf.function>,v2.7.0-rc1-69-gc256c071bb2 2.7.0,11.0
tensorflow,https://github.com/tensorflow/tensorflow/issues/54299,2022-02-08T13:37:35Z,`tf.data` shuffle uses 2.5x more memory than necessary during `model.fit`,YES,<tf.data.Dataset.shuffle>,2.8.0 and 2.9.0.dev20220208,"The issue description does not explicitly mention a CUDA version. Therefore, I cannot provide a specific CUDA version referenced in the description."
tensorflow,https://github.com/tensorflow/tensorflow/issues/54265,2022-02-04T06:48:05Z,Reduce axis produce wrong results in tf.function mode when there are duplicate dimensions,YES,"tf.math.reduce_sum  
tf.math.reduce_mean",<Library Version> 2.7.0,"The issue description mentions that it is ""running on CPU,"" which indicates that no specific CUDA version is referenced. Therefore, there is no CUDA version mentioned in the description."
tensorflow,https://github.com/tensorflow/tensorflow/issues/53726,2022-01-11T16:31:35Z,Func with custom gradient using `tf.numpy_function`/`tf.py_function` incompatible with `tf.vectorized_map`,YES,"tf.numpy_function  
tf.py_function  
tf.vectorized_map  ",2.7.0,"The issue description does not mention a specific CUDA version. It only indicates that the CUDA/cuDNN version is listed as a dash (""-""), which suggests that this information is not provided. Therefore, there is no CUDA version referenced in the description."
tensorflow,https://github.com/tensorflow/tensorflow/issues/53572,2021-12-29T12:25:16Z,tf.data.Dataset .map().batch() pattern is not matched to use fused implementation.,YES,"tf.data.Dataset.map  
tf.data.Dataset.batch  
tf.data.experimental.map_and_batch  ",v1.12.1-69264-g0cdf35562dc 2.9.0,11.5
tensorflow,https://github.com/tensorflow/tensorflow/issues/53533,2021-12-23T13:10:33Z,Tensorflow conv1d computed incorrectly on GPU,YES,<tf.conv1d>,2.7,Cuda-11.2
tensorflow,https://github.com/tensorflow/tensorflow/issues/52907,2021-11-02T06:32:52Z,tensor lost shape info after tf.math.unsorted_segment_*,YES,<tf.math.unsorted_segment_sum>,2.6.0,11.1
tensorflow,https://github.com/tensorflow/tensorflow/issues/52223,2021-10-01T21:18:11Z,OP_REQUIRES failed at conv_ops.cc:1276 : Not found: No algorithm worked!,YES,tf.nn.convolution,2.6.0,11.4
tensorflow,https://github.com/tensorflow/tensorflow/issues/52053,2021-09-18T03:44:44Z,loss=nan issue in Tensorflow 2,YES,"<tf.keras.models.Model>  
<tf.keras.layers.Input>  
<tf.keras.layers.Conv2D>  
<tf.keras.backend>  
<tf.distribute.MirroredStrategy>  
<tf.data.Options>  
<tf.data.experimental.AutoShardPolicy>  
<tf.data.Dataset.from_tensor_slices>  
<tf.data.Dataset.with_options>  
<tf.data.Dataset.batch>  
<tf.keras.Model.compile>  
<tf.keras.Model.fit>  ",Tensorflow 2.x,"The issue description does not explicitly mention a CUDA version. Therefore, there is no CUDA version referenced in the description."
tensorflow,https://github.com/tensorflow/tensorflow/issues/51871,2021-09-08T04:53:00Z,Not able to lower tf.sets.intersection to HLO,YES,tf.sets.intersection,2.6,"The issue description does not mention any CUDA version. Therefore, there is no specific CUDA version referenced in the provided text."
tensorflow,https://github.com/tensorflow/tensorflow/issues/51760,2021-08-31T05:15:53Z,tf.distribute.MirroredStrategy does not work via srun (SLURM) causes NCCL error,YES,tf.distribute.MirroredStrategy,2.5,11.3.0
tensorflow,https://github.com/tensorflow/tensorflow/issues/51453,2021-08-12T12:20:06Z,unable to create tf.variables inside a function that is decorated with @tf.function,YES,<tf.Variable>,<2.5>,There is no CUDA version mentioned in the provided GitHub issue description.
tensorflow,https://github.com/tensorflow/tensorflow/issues/51241,2021-08-05T10:20:10Z,Inconsistent eager/tf.function behavior for rank 0 shape in tf.reshape,YES,<tf.reshape>,2.5.0,The issue description does not mention a specific CUDA version.
tensorflow,https://github.com/tensorflow/tensorflow/issues/51083,2021-08-01T08:13:46Z,tf.io.read_file memory leackage,YES,<tf.io.read_file>,v2.5.0-rc3-213-ga4dfb8d1a71 2.5.0,CUDA Version: 11.2
tensorflow,https://github.com/tensorflow/tensorflow/issues/50796,2021-07-16T01:18:10Z,ResourceVariable GC bug,YES,tf.ResourceVariable,2.5.0,"The issue description does not explicitly mention a CUDA version. Therefore, there is no CUDA version referenced in the description. 

<CUDA version>"
tensorflow,https://github.com/tensorflow/tensorflow/issues/50774,2021-07-14T20:10:45Z,tf.keras.models.save_model not saving the probabilistic_model,YES,tf.keras.models.save_model,v2.5.0-rc3-213-ga4dfb8d1a71 2.5.0,11.2
tensorflow,https://github.com/tensorflow/tensorflow/issues/50765,2021-07-14T09:09:04Z,Memory leak in custom training loop + tf.function ,YES,<tf.function>,v2.5.0,11.0
tensorflow,https://github.com/tensorflow/tensorflow/issues/50622,2021-07-06T00:12:02Z,tf.shape can't infer sparse tensor shape in graph mode,YES,<tf.shape>,2.5.0,N/A
tensorflow,https://github.com/tensorflow/tensorflow/issues/50551,2021-06-30T21:01:40Z,Using `tf.cond` to change behaviour for training/inference with dropout causes crash when using XLA,YES,"<tf.cond>  
<tf.global_variables_initializer>  
<tf.xla.experimental.compile>  
<tf.placeholder>  
<tf.placeholder_with_default>  
<tf.nn.dropout>  
<tf.identity>  
<tf.get_variable>  
<tf.Session>  ","2.5.0, 1.15.5","The description does not explicitly mention a CUDA version. Therefore, based on the provided information, there is no CUDA version referenced in the description."
tensorflow,https://github.com/tensorflow/tensorflow/issues/50440,2021-06-24T14:21:08Z,"tf.profiler.experimental.Trace only works with name is ""TraceContext""",YES,tf.profiler.experimental.Trace,<Library Version> 2.3.1,10.1
tensorflow,https://github.com/tensorflow/tensorflow/issues/49889,2021-05-29T00:43:21Z,PiecewiseConstantDecay doesn't work with Wrapping Optimizer on GPUs,YES,tf.optimizers.schedules.PiecewiseConstantDecay,2.5/2.6,11.2
tensorflow,https://github.com/tensorflow/tensorflow/issues/49373,2021-05-20T11:11:22Z,Extremely slow data processing of tensorflow dataset using when using tf.while_loop inside a tf.function or normal function,YES,"<tf.function>
<tf.data.Dataset>
<tf.sqrt>
<tf.reduce_sum>
<tf.square>
<tf.math.reduce_max>
<tf.while_loop>",<2.9.0>,There is no CUDA version mentioned in the provided GitHub issue description.
tensorflow,https://github.com/tensorflow/tensorflow/issues/48845,2021-04-30T10:38:22Z,BatchNorm generates NaN moving_variance on GPU with fused set to True,YES,<tf.keras.layers.BatchNormalization>,2.4.1,11.0.3
tensorflow,https://github.com/tensorflow/tensorflow/issues/48005,2021-03-23T07:41:19Z,gradient wrt input not working after applying tfmot.quantization.keras.quantize_model,YES,"<tfmot.quantization.keras.quantize_model>
<tf.gradient>",v2.4,"The issue description does not explicitly mention a CUDA version. Therefore, it is not possible to provide a CUDA version based on the provided information."
tensorflow,https://github.com/tensorflow/tensorflow/issues/47998,2021-03-23T02:34:59Z,attr.s decorated keras Layers broken in keras.Sequential,YES,tf.keras.layers.Layer,2.4.1,10.1
tensorflow,https://github.com/tensorflow/tensorflow/issues/47981,2021-03-22T17:33:54Z,Infinite loop when using reduce() inside tf.data.Dataset.map(),YES,"tf.data.Dataset.map  
tf.foldl  
functools.reduce  ",v2.4.1,None
tensorflow,https://github.com/tensorflow/tensorflow/issues/47816,2021-03-15T09:47:36Z,tf.keras Lambda layer fails to infer output shape when run_functions_eagerly is set to True,YES,tf.keras.layers.Lambda,2.4.1,11.1
tensorflow,https://github.com/tensorflow/tensorflow/issues/47533,2021-03-03T16:35:08Z,tf.device breaks when using tf.data.Dataset.from_generator,YES,"tf.device  
tf.data.Dataset.from_generator  ",2.4.1,11.2
tensorflow,https://github.com/tensorflow/tensorflow/issues/47277,2021-02-20T01:54:33Z,tf.raw_ops.Send/Recv fail within MultiWorkerMirroredStrategy,YES,"tf.raw_ops.Send
tf.raw_ops.Recv",<Library Version> 2.4.0,"The issue description does not explicitly mention any CUDA version. Therefore, I cannot provide a specific CUDA version from the information given."
tensorflow,https://github.com/tensorflow/tensorflow/issues/46910,2021-02-04T04:06:19Z,tf.quantization.fake_quant_with_min_max_vars(_gradient) crash(abort),YES,"tf.quantization.fake_quant_with_min_max_vars  
tf.quantization.fake_quant_with_min_max_vars_gradient",2.1.0,N/A
tensorflow,https://github.com/tensorflow/tensorflow/issues/46726,2021-01-27T10:12:47Z,different result on dict of tensors by getting `_enable_dict_to_input_mapping` in tf.python.keras.engine.functional.py,YES,<tf.python.keras.engine.functional._enable_dict_to_input_mapping>,2.4.1,CUDA version 10.1
tensorflow,https://github.com/tensorflow/tensorflow/issues/46635,2021-01-24T04:27:07Z,"Missing GPU op for zeros_like for RaggedTensorVariant, error occurs when Ragged Tensor fed thru tf.map_fn",YES,"<tf.map_fn>  
<tf.ragged.map_flat_values>  
<tf.zeros_like>",2.5.0-dev20210123,11.0
tensorflow,https://github.com/tensorflow/tensorflow/issues/46254,2021-01-07T18:54:50Z,Cannot Convert SentencePieceTokenizer to TensorRT,YES,tf.convert_to_constants,2.4.0,11.0
tensorflow,https://github.com/tensorflow/tensorflow/issues/46089,2020-12-31T08:34:47Z,Big SparseTensor constant and Datasets either turn into a large graph or a slow execution.,YES,"<tf.SparseTensor>  
<tf.data.Dataset>  
<tf.data.Dataset.zip>  
<tf.data.Dataset.from_tensors>  
<tf.function>  ",<2.3.0>,10.1.243
tensorflow,https://github.com/tensorflow/tensorflow/issues/45687,2020-12-15T09:22:02Z,StringLookup on GPU and disable_eager_mode gives incosistent results,YES,<tf.StringLookup>,2.3.0,10.1
tensorflow,https://github.com/tensorflow/tensorflow/issues/45663,2020-12-14T17:04:54Z,No registered 'ResourceScatterNdUpdate' OpKernel for 'GPU' ,YES,tf.resource_scatter_nd_update,2.4.0rc4,10.1
tensorflow,https://github.com/tensorflow/tensorflow/issues/45557,2020-12-09T22:45:49Z,"Cannot load SavedModel when model trained with tfa.optimizers.NovoGrad: ValueError: Shapes (3, 8) and () are incompatible",YES,"<tf.keras.models.load_model>  
<tfa.optimizers.NovoGrad>",2.3.1,n/a
tensorflow,https://github.com/tensorflow/tensorflow/issues/44888,2020-11-16T01:24:29Z,tf.debugging.assert_shapes inconsistent behaviour for scalars,YES,tf.debugging.assert_shapes,2.3.1,n/a
tensorflow,https://github.com/tensorflow/tensorflow/issues/44555,2020-11-03T15:00:42Z,tf.convert_to_tensor is slow when converting list of numpy arrays,YES,tf.convert_to_tensor,v2.3.0,11.0
tensorflow,https://github.com/tensorflow/tensorflow/issues/44428,2020-10-29T09:35:25Z,OP_REQUIRES failed at constant_op.cc,YES,tf.while_loop,<2.4.0>,The issue description does not mention a specific CUDA version.
tensorflow,https://github.com/tensorflow/tensorflow/issues/44214,2020-10-21T21:31:11Z,tensor.numpy() from GPU model prediction very slow,YES,tf.Tensor.numpy,2.3.0,Colab
tensorflow,https://github.com/tensorflow/tensorflow/issues/44073,2020-10-16T04:52:03Z,`size` argument of TensorArray works only when specified by pythonic int but tf.Tensor doesn't,YES,<tf.TensorArray>,<Library Version> 2.3.0,10.1
tensorflow,https://github.com/tensorflow/tensorflow/issues/42424,2020-08-17T05:23:13Z,```tf.stack``` returns different shapes when run in eager and graph mode,YES,<tf.stack>,2.3,"The issue description does not explicitly mention a specific CUDA version. Therefore, I cannot provide a CUDA version based on the information given."
tensorflow,https://github.com/tensorflow/tensorflow/issues/42349,2020-08-14T02:27:05Z,tf.data.experimental.dense_to_ragged_batch fails with inputs from generator with unspecified shape in TF 2.3,YES,tf.data.experimental.dense_to_ragged_batch,2.3,10.1
tensorflow,https://github.com/tensorflow/tensorflow/issues/41737,2020-07-26T01:29:19Z,OP_REQUIRES failure in c++ LoadSavedModel with conv2d w/ bias into an Add,YES,"tf.BiasAdd  
tf.Add",2.3.0rc2-2,CUDA version: 11.0.2
tensorflow,https://github.com/tensorflow/tensorflow/issues/41448,2020-07-16T10:11:48Z,tf.keras cannot weight classes when using multiple outputs,YES,tf.keras.fit,2.2.0,<2.2.0>
tensorflow,https://github.com/tensorflow/tensorflow/issues/40065,2020-06-01T20:05:13Z,tf.io.gfile / GCS fails to work on OpenSUSE,YES,tf.io.gfile,2.1.0,N/A
tensorflow,https://github.com/tensorflow/tensorflow/issues/39792,2020-05-22T17:06:13Z,Failed to legalize operation 'xla_hlo.return',YES,"<tf.Sum>  
<tf.Const>  
<tf.executor.graph>  
<tf.executor.island>  
<tf.executor.fetch>  
<tf.versions>  
<tf.entry_function>  
<tf.executor.island wraps>  
<tf.executor.island>  
<tf.opt>  ",<Library Version> 2.5.0,"The description provided does not explicitly mention a CUDA version. Therefore, the answer is:

<CUDA version>"
tensorflow,https://github.com/tensorflow/tensorflow/issues/39167,2020-05-04T21:00:50Z,tf.io.gfile.listdir is inconsistent between GCS dir and local dir - adds trailing slashes,YES,tf.io.gfile.listdir,v2.0.0-rc2-26-g64c3d38 2.0.0,The provided description does not mention any specific CUDA version.
tensorflow,https://github.com/tensorflow/tensorflow/issues/38539,2020-04-14T14:58:04Z,tf.function decorated functions fail in graph mode if any of the branches of conditionals would be invalid at runtime,YES,tf.function,2.1.0,"The description does not mention a specific CUDA version. Therefore, there is no CUDA version referenced in the issue."
tensorflow,https://github.com/tensorflow/tensorflow/issues/36539,2020-02-07T13:30:41Z,tf.data.Dataset unusable with steps_per_epoch standard training loop,YES,tf.data.Dataset,2.1.0,The CUDA version is not explicitly mentioned in the GitHub issue description provided.
tensorflow,https://github.com/tensorflow/tensorflow/issues/7397,2017-02-09T19:09:54Z,`tf.dynamic_stitch` gradient is incorrect,YES,tf.dynamic_stitch,1.0,The issue description does not mention any specific CUDA version.
